Traj_ID,Trial,Step_Num,Time_sec,Action,Max_Q
1,1,1,0.01,FORWARD,-0.5
1,1,2,0.99,FORWARD,-0.42
1,1,3,1.97,FORWARD,-0.35
1,1,4,2.95,FORWARD,-0.28
1,1,5,3.93,FORWARD,-0.22
1,1,6,4.91,FORWARD,-0.18
1,1,7,5.89,CRAWL,-0.55
1,1,8,11.47,CRAWL,-0.71
1,1,9,17.05,CRAWL,-0.6
1,1,10,22.63,CRAWL,-0.48
1,1,11,28.21,CRAWL,-0.33
1,1,12,33.79,LEFT TURN,-0.25
1,1,13,35.24,LEFT TURN,-0.19
1,1,14,36.69,LEFT TURN,-0.14
1,1,15,38.14,LEFT TURN,-0.09
1,1,16,39.59,LEFT TURN,-0.05
1,1,17,41.04,FORWARD,-0.03
1,2,1,0.01,RIGHT WALK,-0.43
1,2,2,1.43,FORWARD,-0.05
1,2,3,2.38,FORWARD,-0.34
1,2,4,3.36,FORWARD,-0.42
1,2,5,4.37,RIGHT TURN,-0.56
1,2,6,5.85,LEFT TURN,-0.36
1,2,7,7.29,RIGHT WALK,-0.14
1,2,8,8.72,RIGHT TURN,-0.47
1,2,9,10.18,RIGHT WALK,-0.66
1,2,10,11.56,FORWARD,-0.05
1,2,11,12.56,RIGHT TURN,-0.44
1,2,12,14.0,RIGHT WALK,-0.58
1,2,13,15.38,FORWARD,-0.69
1,2,14,16.35,FORWARD,-1.06
1,2,15,17.35,LEFT WALK,-0.53
1,2,16,18.78,RIGHT TURN,-0.52
1,2,17,20.25,FORWARD,-0.19
1,2,18,21.23,LEFT WALK,-0.73
1,2,19,22.57,RIGHT TURN,-0.05
1,2,20,23.98,CRAWL,-0.05
1,2,21,29.54,LEFT TURN,-0.18
1,2,22,31.0,CRAWL,-0.34
1,2,23,36.55,CRAWL,-0.09
1,2,24,42.13,RIGHT TURN,-0.05
1,2,25,43.56,RIGHT TURN,-0.47
1,2,26,45.01,FORWARD,-0.44
1,2,27,46.0,FORWARD,-0.05
1,3,1,0.01,FORWARD,-1.1
1,3,2,0.99,RIGHT WALK,-1.72
1,3,3,2.44,LEFT TURN,-2.24
1,3,4,3.91,FORWARD,-3.11
1,3,5,4.91,LEFT WALK,-3.39
1,3,6,6.34,FORWARD,-3.4
1,3,7,7.32,RIGHT WALK,-3.75
1,3,8,8.73,CRAWL,-3.57
1,3,9,14.3,FORWARD,-3.39
1,3,10,15.25,FORWARD,-3.42
1,3,11,16.24,FORWARD,-3.85
1,3,12,17.22,RIGHT TURN,-3.75
1,3,13,18.7,RIGHT TURN,-3.61
1,3,14,20.16,RIGHT TURN,-3.91
1,3,15,21.63,FORWARD,-3.8
1,3,16,22.59,FORWARD,-3.85
1,3,17,23.58,RIGHT TURN,-3.87
1,3,18,25.01,LEFT TURN,-4.04
1,3,19,26.46,FORWARD,-4.5
1,3,20,27.37,FORWARD,-4.0
1,3,21,28.33,LEFT TURN,-4.14
1,3,22,29.77,LEFT TURN,-4.35
1,3,23,31.22,FORWARD,-4.5
1,3,24,32.2,RIGHT TURN,-4.5
1,3,25,33.69,FORWARD,-4.5
2,1,1,0.01,RIGHT WALK,-0.38
2,1,2,1.43,LEFT WALK,-0.05
2,1,3,2.85,LEFT TURN,-0.05
2,1,4,4.29,FORWARD,-0.15
2,1,5,5.24,CRAWL,-0.3
2,1,6,10.8,RIGHT TURN,-0.55
2,1,7,12.26,RIGHT WALK,-0.25
2,1,8,13.73,LEFT TURN,-0.05
2,1,9,15.18,CRAWL,-0.28
2,1,10,20.74,LEFT WALK,-0.09
2,1,11,22.17,FORWARD,-0.05
2,1,12,23.11,CRAWL,-0.05
2,1,13,28.72,FORWARD,-0.55
2,1,14,29.72,FORWARD,-0.79
2,1,15,30.7,RIGHT TURN,-0.36
2,1,16,32.17,LEFT TURN,-0.05
2,1,17,33.6,FORWARD,-0.05
2,1,18,34.57,CRAWL,-0.21
2,1,19,40.18,RIGHT WALK,-0.5
2,1,20,41.65,LEFT WALK,-0.55
2,1,21,43.07,LEFT TURN,-0.43
2,1,22,44.52,LEFT WALK,-0.05
2,1,23,45.95,FORWARD,-0.05
2,1,24,46.91,RIGHT WALK,-0.44
2,1,25,48.32,FORWARD,-0.73
2,1,26,49.29,RIGHT TURN,-0.76
2,1,27,50.76,CRAWL,-0.33
2,1,28,56.29,CRAWL,-0.34
2,1,29,61.91,RIGHT WALK,-0.05
2,1,30,63.32,FORWARD,-0.08
2,1,31,64.29,RIGHT TURN,-0.5
2,1,32,65.74,CRAWL,-0.86
2,1,33,71.3,CRAWL,-0.64
2,1,34,76.9,FORWARD,-0.89
2,1,35,77.88,RIGHT WALK,-1.04
2,1,36,79.31,FORWARD,-0.96
2,1,37,80.25,FORWARD,-0.67
2,2,1,0.01,LEFT TURN,-0.05
2,2,2,1.42,FORWARD,-0.05
2,2,3,2.4,FORWARD,-0.05
2,2,4,3.39,RIGHT TURN,-0.05
2,2,5,4.85,FORWARD,-0.05
2,2,6,5.83,LEFT TURN,-0.66
2,2,7,7.26,FORWARD,-0.91
2,2,8,8.28,CRAWL,-0.21
2,2,9,13.85,LEFT TURN,-0.6
2,2,10,15.31,RIGHT TURN,-0.66
2,2,11,16.74,RIGHT TURN,-0.85
2,2,12,18.19,FORWARD,-0.33
2,2,13,19.11,CRAWL,-0.05
2,2,14,24.7,LEFT TURN,-0.28
2,2,15,26.13,FORWARD,-0.05
2,2,16,27.08,RIGHT WALK,-0.05
2,2,17,28.48,LEFT WALK,-0.57
2,3,1,0.01,FORWARD,-2.16
2,3,2,0.99,FORWARD,-1.47
2,3,3,1.94,RIGHT TURN,-0.87
2,3,4,3.38,FORWARD,-0.71
2,3,5,4.37,LEFT TURN,-0.56
2,3,6,5.83,LEFT WALK,-0.16
2,3,7,7.27,CRAWL,-0.36
2,3,8,12.86,FORWARD,-0.68
2,3,9,13.81,FORWARD,-0.43
2,3,10,14.79,FORWARD,-0.1
2,3,11,15.76,FORWARD,-0.05
2,3,12,16.7,RIGHT WALK,-0.31
2,3,13,18.13,CRAWL,-0.73
2,3,14,23.71,FORWARD,-0.26
2,3,15,24.69,FORWARD,-0.14
3,1,1,0.01,FORWARD,-0.05
3,1,2,1.0,FORWARD,-0.5
3,1,3,1.98,RIGHT TURN,-0.28
3,1,4,3.43,FORWARD,-0.34
3,1,5,4.41,RIGHT WALK,-0.63
3,1,6,5.82,LEFT TURN,-0.75
3,1,7,7.28,LEFT TURN,-0.71
3,1,8,8.66,LEFT TURN,-0.85
3,1,9,10.12,RIGHT TURN,-1.14
3,1,10,11.58,CRAWL,-0.68
3,1,11,17.14,RIGHT WALK,-1.27
3,1,12,18.54,FORWARD,-1.35
3,1,13,19.49,CRAWL,-1.83
3,1,14,25.03,FORWARD,-1.69
3,2,1,0.01,FORWARD,-0.05
3,2,2,0.95,RIGHT TURN,-0.18
3,2,3,2.41,LEFT TURN,-0.05
3,2,4,3.88,LEFT TURN,-0.05
3,2,5,5.33,RIGHT TURN,-0.22
3,2,6,6.79,RIGHT TURN,-0.23
3,2,7,8.19,RIGHT WALK,-0.05
3,2,8,9.58,FORWARD,-0.05
3,2,9,10.55,LEFT WALK,-0.52
3,2,10,11.96,RIGHT TURN,-0.32
3,2,11,13.41,FORWARD,-0.3
3,2,12,14.39,RIGHT WALK,-0.34
4,1,1,0.01,LEFT TURN,-2.48
4,1,2,1.45,LEFT TURN,-3.3
4,1,3,2.91,RIGHT WALK,-3.43
4,1,4,4.34,CRAWL,-3.16
4,1,5,9.93,CRAWL,-3.34
4,1,6,15.5,FORWARD,-3.39
4,1,7,16.48,CRAWL,-3.07
4,1,8,22.07,CRAWL,-3.68
4,1,9,27.65,LEFT WALK,-3.75
4,1,10,29.06,LEFT TURN,-4.15
4,1,11,30.49,LEFT WALK,-4.1
4,1,12,31.93,RIGHT WALK,-4.02
4,1,13,33.29,FORWARD,-3.92
4,1,14,34.27,RIGHT TURN,-3.8
4,1,15,35.69,LEFT TURN,-3.7
4,1,16,37.16,FORWARD,-4.16
4,1,17,38.13,FORWARD,-3.89
4,1,18,39.1,RIGHT WALK,-3.95
4,1,19,40.52,FORWARD,-3.44
4,1,20,41.46,CRAWL,-3.84
4,1,21,47.02,RIGHT WALK,-3.91
4,1,22,48.44,FORWARD,-4.31
4,1,23,49.43,FORWARD,-4.32
4,1,24,50.44,LEFT WALK,-4.43
4,1,25,51.85,FORWARD,-3.65
4,1,26,52.83,LEFT TURN,-3.69
4,1,27,54.33,LEFT WALK,-4.11
4,1,28,55.76,FORWARD,-4.04
4,1,29,56.74,LEFT WALK,-3.81
4,1,30,58.14,LEFT WALK,-4.35
4,1,31,59.54,LEFT WALK,-4.43
4,1,32,60.96,LEFT TURN,-3.92
4,1,33,62.42,FORWARD,-3.18
4,1,34,63.39,LEFT WALK,-3.22
4,1,35,64.83,RIGHT TURN,-3.75
4,1,36,66.25,CRAWL,-4.5
4,1,37,71.87,CRAWL,-4.5
4,1,38,77.46,LEFT WALK,-4.5
4,2,1,0.01,LEFT WALK,-1.68
4,2,2,1.42,RIGHT WALK,-1.51
4,2,3,2.82,RIGHT TURN,-1.51
4,2,4,4.27,FORWARD,-1.14
4,2,5,5.29,RIGHT TURN,-0.81
4,2,6,6.73,RIGHT TURN,-0.93
4,2,7,8.19,LEFT TURN,-1.22
4,2,8,9.63,CRAWL,-0.87
4,2,9,15.21,FORWARD,-1.19
4,2,10,16.2,FORWARD,-0.84
4,2,11,17.18,LEFT TURN,-0.55
4,2,12,18.61,CRAWL,-0.71
4,2,13,24.21,RIGHT WALK,-0.69
4,2,14,25.66,RIGHT WALK,-0.42
4,2,15,27.08,LEFT WALK,-0.12
4,2,16,28.51,LEFT WALK,-0.36
4,2,17,29.94,RIGHT TURN,-0.47
4,2,18,31.39,RIGHT WALK,-0.1
4,2,19,32.78,RIGHT WALK,-0.12
4,2,20,34.22,LEFT TURN,-0.38
4,2,21,35.68,RIGHT TURN,-0.24
4,2,22,37.12,FORWARD,-0.33
4,2,23,38.13,LEFT WALK,-0.23
4,2,24,39.54,RIGHT TURN,-0.67
4,2,25,40.96,FORWARD,-0.86
4,2,26,41.95,FORWARD,-0.97
4,2,27,42.93,FORWARD,-0.52
4,2,28,43.88,FORWARD,-0.21
4,2,29,44.85,RIGHT WALK,-0.13
4,2,30,46.29,RIGHT WALK,-0.67
4,2,31,47.7,RIGHT WALK,-0.85
4,2,32,49.12,CRAWL,-0.62
4,2,33,54.69,FORWARD,-0.45
4,2,34,55.69,CRAWL,-0.1
4,2,35,61.27,LEFT TURN,-0.21
4,2,36,62.74,CRAWL,-0.05
4,2,37,68.33,FORWARD,-0.05
4,2,38,69.3,FORWARD,-0.74
4,2,39,70.31,FORWARD,-0.63
4,2,40,71.27,LEFT TURN,-0.63
4,2,41,72.74,FORWARD,-0.61
4,2,42,73.7,CRAWL,-0.5
4,2,43,79.3,RIGHT TURN,-0.06
4,2,44,80.76,FORWARD,-0.68
4,2,45,81.73,RIGHT TURN,-1.13
4,2,46,83.18,FORWARD,-0.75
4,2,47,84.17,LEFT WALK,-0.77
4,2,48,85.56,FORWARD,-0.28
4,3,1,0.01,FORWARD,-2.33
4,3,2,0.98,FORWARD,-2.42
4,3,3,1.95,LEFT TURN,-2.14
4,3,4,3.36,RIGHT WALK,-1.95
4,3,5,4.79,FORWARD,-1.31
4,3,6,5.74,LEFT WALK,-1.37
4,3,7,7.18,FORWARD,-1.17
4,3,8,8.16,RIGHT WALK,-0.89
4,3,9,9.56,FORWARD,-1.57
4,3,10,10.52,CRAWL,-0.97
4,3,11,16.09,FORWARD,-0.57
4,3,12,17.07,FORWARD,-0.43
4,3,13,18.05,RIGHT WALK,-0.35
4,3,14,19.49,LEFT TURN,-0.17
4,3,15,20.96,LEFT TURN,-0.12
4,3,16,22.44,RIGHT TURN,-0.4
4,3,17,23.9,LEFT WALK,-0.68
4,3,18,25.31,RIGHT TURN,-0.78
4,3,19,26.73,LEFT TURN,-1.13
4,3,20,28.18,FORWARD,-0.93
4,3,21,29.15,CRAWL,-0.7
4,3,22,34.71,RIGHT TURN,-0.96
4,3,23,36.14,CRAWL,-0.77
4,3,24,41.7,RIGHT TURN,-0.92
4,3,25,43.12,FORWARD,-0.99
4,3,26,44.08,LEFT WALK,-0.93
4,3,27,45.49,LEFT TURN,-0.95
4,3,28,46.94,CRAWL,-0.69
4,3,29,52.53,LEFT WALK,-0.16
4,3,30,53.93,RIGHT WALK,-0.05
4,3,31,55.36,RIGHT WALK,-0.05
4,3,32,56.78,RIGHT WALK,-0.1
4,3,33,58.16,FORWARD,-0.05
4,3,34,59.12,FORWARD,-0.62
4,3,35,60.12,FORWARD,-0.24
4,3,36,61.06,LEFT TURN,-0.05
4,3,37,62.51,RIGHT TURN,-0.38
4,3,38,63.96,FORWARD,-0.62
4,3,39,64.94,LEFT WALK,-0.44
4,3,40,66.37,LEFT TURN,-0.27
4,3,41,67.84,RIGHT TURN,-0.62
4,3,42,69.29,FORWARD,-0.05
4,3,43,70.28,RIGHT WALK,-0.05
4,3,44,71.69,RIGHT WALK,-0.05
4,3,45,73.08,RIGHT WALK,-0.16
4,3,46,74.51,FORWARD,-0.05
4,3,47,75.52,LEFT TURN,-0.23
4,3,48,76.97,CRAWL,-0.39
5,1,1,0.01,LEFT WALK,-1.64
5,1,2,1.41,CRAWL,-1.45
5,1,3,6.98,CRAWL,-1.18
5,1,4,12.54,FORWARD,-1.24
5,1,5,13.5,LEFT WALK,-0.51
5,1,6,14.9,CRAWL,-0.42
5,1,7,20.5,FORWARD,-0.62
5,1,8,21.49,FORWARD,-0.47
5,1,9,22.46,RIGHT TURN,-0.92
5,1,10,23.9,RIGHT TURN,-0.39
5,1,11,25.35,LEFT TURN,-0.79
5,1,12,26.84,FORWARD,-0.61
5,1,13,27.82,LEFT TURN,-0.5
5,1,14,29.28,LEFT TURN,-0.72
5,1,15,30.7,FORWARD,-0.8
5,1,16,31.67,LEFT TURN,-0.56
5,1,17,33.1,LEFT TURN,-0.79
5,1,18,34.56,FORWARD,-1.39
5,1,19,35.52,FORWARD,-1.09
5,2,1,0.01,FORWARD,-1.39
5,2,2,1.0,FORWARD,-1.18
5,2,3,2.0,CRAWL,-1.52
5,2,4,7.55,RIGHT TURN,-1.26
5,2,5,9.04,FORWARD,-0.93
5,2,6,10.02,RIGHT TURN,-1.12
5,2,7,11.47,CRAWL,-0.83
5,2,8,17.05,FORWARD,-0.52
5,2,9,17.99,LEFT TURN,-0.4
5,2,10,19.45,LEFT WALK,-0.05
5,2,11,20.9,LEFT WALK,-0.28
5,2,12,22.33,FORWARD,-0.05
5,2,13,23.3,CRAWL,-0.05
5,2,14,28.84,RIGHT WALK,-0.05
5,2,15,30.27,RIGHT TURN,-0.44
5,2,16,31.73,RIGHT TURN,-0.48
5,2,17,33.17,FORWARD,-0.26
5,2,18,34.16,FORWARD,-0.57
5,2,19,35.17,LEFT WALK,-0.55
5,2,20,36.6,CRAWL,-0.05
5,2,21,42.17,RIGHT TURN,-0.05
5,2,22,43.63,LEFT WALK,-0.05
5,2,23,45.03,RIGHT WALK,-0.47
5,2,24,46.44,RIGHT TURN,-0.47
5,2,25,47.88,LEFT TURN,-0.52
5,2,26,49.34,LEFT TURN,-0.55
5,2,27,50.78,RIGHT TURN,-0.72
5,2,28,52.21,LEFT WALK,-1.18
5,2,29,53.62,FORWARD,-1.63
5,3,1,0.01,LEFT TURN,-1.12
5,3,2,1.42,RIGHT TURN,-0.78
5,3,3,2.87,RIGHT WALK,-0.86
5,3,4,4.29,CRAWL,-1.03
5,3,5,9.89,LEFT WALK,-1.08
5,3,6,11.29,LEFT WALK,-0.26
5,3,7,12.73,RIGHT TURN,-0.55
5,3,8,14.13,LEFT WALK,-0.58
5,3,9,15.56,RIGHT TURN,-0.91
5,3,10,17.03,RIGHT WALK,-0.44
5,3,11,18.49,LEFT TURN,-0.05
5,3,12,19.94,FORWARD,-0.05
5,3,13,20.9,FORWARD,-0.36
5,3,14,21.87,FORWARD,-0.05
5,3,15,22.83,RIGHT WALK,-0.27
5,3,16,24.24,FORWARD,-0.38
5,3,17,25.2,FORWARD,-0.25
5,3,18,26.22,RIGHT WALK,-0.52
6,1,1,0.01,FORWARD,-0.85
6,1,2,1.0,FORWARD,-0.71
6,1,3,2.0,LEFT TURN,-0.53
6,1,4,3.47,FORWARD,-0.67
6,1,5,4.49,RIGHT TURN,-0.7
6,1,6,5.92,RIGHT WALK,-0.72
6,1,7,7.34,LEFT WALK,-0.19
6,1,8,8.78,RIGHT WALK,-0.26
6,1,9,10.2,RIGHT WALK,-0.5
6,1,10,11.56,FORWARD,-0.36
6,1,11,12.56,LEFT TURN,-0.38
6,1,12,14.01,FORWARD,-0.05
6,1,13,15.0,LEFT TURN,-0.16
6,1,14,16.45,CRAWL,-0.05
6,1,15,22.02,LEFT WALK,-0.48
6,1,16,23.42,FORWARD,-0.23
6,1,17,24.39,CRAWL,-0.65
6,1,18,29.98,RIGHT WALK,-0.19
6,1,19,31.41,RIGHT TURN,-0.5
6,1,20,32.87,FORWARD,-0.81
6,1,21,33.85,CRAWL,-1.12
6,1,22,39.43,FORWARD,-0.88
6,1,23,40.4,LEFT TURN,-0.59
6,1,24,41.86,RIGHT TURN,-0.08
6,1,25,43.29,RIGHT WALK,-0.05
6,1,26,44.71,RIGHT WALK,-0.05
6,1,27,46.09,FORWARD,-0.66
6,1,28,47.06,FORWARD,-0.41
6,1,29,48.06,RIGHT TURN,-0.9
6,2,1,0.01,LEFT TURN,-0.59
6,2,2,1.46,LEFT TURN,-0.7
6,2,3,2.92,FORWARD,-0.94
6,2,4,3.89,FORWARD,-0.87
6,2,5,4.86,FORWARD,-1.03
6,2,6,5.86,CRAWL,-1.06
6,2,7,11.39,FORWARD,-0.72
6,2,8,12.38,LEFT TURN,-0.15
6,2,9,13.83,FORWARD,-0.55
6,2,10,14.77,LEFT WALK,-0.42
6,2,11,16.17,LEFT TURN,-0.35
6,2,12,17.63,CRAWL,-0.35
6,2,13,23.23,FORWARD,-0.05
6,2,14,24.25,FORWARD,-0.57
6,2,15,25.22,FORWARD,-0.54
6,2,16,26.22,RIGHT TURN,-0.34
6,2,17,27.65,CRAWL,-0.37
6,2,18,33.24,FORWARD,-0.05
6,2,19,34.26,RIGHT WALK,-0.05
6,2,20,35.67,CRAWL,-0.16
6,2,21,41.23,LEFT TURN,-0.25
6,2,22,42.69,FORWARD,-0.31
6,2,23,43.71,LEFT TURN,-0.4
6,2,24,45.18,LEFT TURN,-0.07
6,2,25,46.62,RIGHT WALK,-0.14
6,2,26,47.98,RIGHT TURN,-0.05
6,2,27,49.45,LEFT TURN,-0.12
6,2,28,50.89,LEFT WALK,-0.36
6,2,29,52.28,FORWARD,-0.18
6,2,30,53.25,LEFT WALK,-0.21
6,2,31,54.69,RIGHT WALK,-0.24
6,2,32,56.12,CRAWL,-0.14
6,2,33,61.68,LEFT TURN,-0.45
6,2,34,63.15,RIGHT TURN,-0.49
6,2,35,64.61,RIGHT TURN,-1.11
6,2,36,66.07,FORWARD,-0.75
6,3,1,0.01,FORWARD,-0.72
6,3,2,0.99,RIGHT WALK,-0.69
6,3,3,2.43,FORWARD,-0.67
6,3,4,3.43,FORWARD,-0.05
6,3,5,4.45,RIGHT WALK,-0.05
6,3,6,5.85,LEFT TURN,-0.26
6,3,7,7.3,FORWARD,-0.6
6,3,8,8.29,LEFT TURN,-0.44
6,3,9,9.7,FORWARD,-0.71
6,3,10,10.71,FORWARD,-0.38
6,3,11,11.7,FORWARD,-0.05
6,3,12,12.66,FORWARD,-0.08
6,3,13,13.65,RIGHT WALK,-0.05
6,3,14,15.12,LEFT TURN,-0.38
6,3,15,16.6,RIGHT WALK,-0.48
6,3,16,18.02,RIGHT TURN,-0.54
6,3,17,19.46,CRAWL,-0.71
6,3,18,25.06,LEFT TURN,-1.2
6,3,19,26.51,FORWARD,-1.21
6,3,20,27.48,FORWARD,-0.87
6,3,21,28.47,CRAWL,-1.09
6,3,22,34.06,LEFT TURN,-0.81
6,3,23,35.52,RIGHT WALK,-0.86
6,3,24,36.94,CRAWL,-0.37
6,3,25,42.52,RIGHT TURN,-0.05
6,3,26,43.94,LEFT TURN,-0.05
6,3,27,45.38,CRAWL,-0.05
6,3,28,50.98,RIGHT WALK,-0.05
6,3,29,52.39,FORWARD,-0.29
6,3,30,53.38,FORWARD,-0.1
6,3,31,54.39,LEFT TURN,-0.37
6,3,32,55.82,FORWARD,-0.79
6,3,33,56.79,RIGHT WALK,-0.84
7,1,1,0.01,LEFT TURN,-1.61
7,1,2,1.48,RIGHT TURN,-1.64
7,1,3,2.89,CRAWL,-0.79
7,1,4,8.47,LEFT TURN,-0.42
7,1,5,9.96,FORWARD,-0.18
7,1,6,10.92,RIGHT TURN,-0.41
7,1,7,12.38,FORWARD,-0.13
7,1,8,13.39,RIGHT TURN,-0.42
7,1,9,14.86,CRAWL,-0.69
7,1,10,20.46,CRAWL,-0.58
7,1,11,26.04,FORWARD,-0.53
7,1,12,27.0,CRAWL,-0.05
7,1,13,32.62,LEFT WALK,-0.19
7,1,14,34.02,FORWARD,-0.56
7,1,15,34.99,RIGHT WALK,-0.55
7,1,16,36.42,FORWARD,-0.51
7,1,17,37.39,CRAWL,-1.29
7,1,18,42.95,RIGHT TURN,-0.62
7,1,19,44.37,FORWARD,-0.53
7,1,20,45.32,LEFT WALK,-0.34
7,1,21,46.78,FORWARD,-0.72
7,1,22,47.77,FORWARD,-0.21
7,1,23,48.75,LEFT TURN,-0.05
7,1,24,50.18,RIGHT TURN,-0.05
7,1,25,51.63,FORWARD,-0.51
7,1,26,52.62,RIGHT WALK,-0.07
7,1,27,54.02,RIGHT TURN,-0.05
7,1,28,55.47,LEFT TURN,-0.24
7,1,29,56.88,RIGHT TURN,-0.05
7,1,30,58.34,RIGHT TURN,-0.05
7,1,31,59.78,FORWARD,-0.26
7,1,32,60.78,LEFT TURN,-0.44
7,1,33,62.24,LEFT TURN,-0.74
7,1,34,63.66,LEFT WALK,-0.94
7,1,35,65.06,RIGHT TURN,-0.5
7,2,1,0.01,LEFT WALK,-0.54
7,2,2,1.44,LEFT TURN,-0.14
7,2,3,2.87,LEFT TURN,-0.05
7,2,4,4.33,RIGHT WALK,-0.13
7,2,5,5.75,FORWARD,-0.54
7,2,6,6.73,RIGHT TURN,-0.05
7,2,7,8.2,RIGHT WALK,-0.67
7,2,8,9.6,CRAWL,-1.18
7,2,9,15.16,RIGHT TURN,-1.18
7,2,10,16.61,LEFT TURN,-0.9
7,2,11,18.05,CRAWL,-0.71
7,2,12,23.65,LEFT TURN,-0.76
7,2,13,25.12,FORWARD,-0.81
7,2,14,26.09,LEFT TURN,-0.37
7,2,15,27.54,FORWARD,-0.16
7,2,16,28.52,RIGHT TURN,-0.05
7,2,17,29.98,CRAWL,-0.05
7,2,18,35.55,CRAWL,-0.13
7,2,19,41.12,RIGHT TURN,-0.27
7,2,20,42.6,LEFT TURN,-0.37
7,2,21,44.01,CRAWL,-0.05
7,2,22,49.57,FORWARD,-0.05
7,2,23,50.55,FORWARD,-0.31
7,2,24,51.52,LEFT TURN,-0.05
7,2,25,52.97,FORWARD,-0.4
7,2,26,53.96,LEFT TURN,-0.15
7,2,27,55.4,LEFT TURN,-0.05
7,2,28,56.88,LEFT TURN,-0.39
7,2,29,58.35,RIGHT WALK,-0.54
7,2,30,59.79,RIGHT TURN,-0.25
7,2,31,61.25,CRAWL,-0.11
7,2,32,66.84,LEFT WALK,-0.2
7,2,33,68.25,FORWARD,-0.22
7,2,34,69.24,LEFT WALK,-0.05
7,2,35,70.68,CRAWL,-0.05
7,2,36,76.24,RIGHT TURN,-0.05
7,2,37,77.73,CRAWL,-0.16
7,2,38,83.33,LEFT TURN,-0.09
7,3,1,0.01,FORWARD,-0.65
7,3,2,1.02,RIGHT TURN,-0.22
7,3,3,2.46,RIGHT TURN,-0.37
7,3,4,3.93,RIGHT WALK,-0.27
7,3,5,5.34,FORWARD,-0.19
7,3,6,6.28,FORWARD,-0.58
7,3,7,7.25,RIGHT WALK,-0.43
7,3,8,8.69,LEFT WALK,-0.74
7,3,9,10.11,RIGHT WALK,-1.07
7,3,10,11.49,CRAWL,-0.73
7,3,11,17.08,FORWARD,-0.38
7,3,12,18.06,LEFT TURN,-0.63
7,3,13,19.46,CRAWL,-0.61
7,3,14,25.08,RIGHT WALK,-0.45
7,3,15,26.48,RIGHT TURN,-0.55
7,3,16,27.91,FORWARD,-0.28
7,3,17,28.89,FORWARD,-0.05
7,3,18,29.91,CRAWL,-0.05
7,3,19,35.48,RIGHT TURN,-0.05
7,3,20,36.92,LEFT WALK,-0.38
7,3,21,38.31,FORWARD,-0.7
7,3,22,39.27,FORWARD,-0.92
7,3,23,40.26,FORWARD,-0.62
7,3,24,41.24,RIGHT WALK,-0.95
7,3,25,42.65,RIGHT WALK,-0.66
7,3,26,44.09,RIGHT TURN,-0.41
8,1,1,0.01,FORWARD,-1.32
8,1,2,0.97,CRAWL,-1.54
8,1,3,6.56,CRAWL,-2.12
8,1,4,12.17,FORWARD,-1.82
8,1,5,13.13,RIGHT TURN,-2.03
8,1,6,14.59,RIGHT WALK,-1.24
8,1,7,16.01,LEFT TURN,-1.48
8,1,8,17.47,FORWARD,-1.3
8,1,9,18.42,FORWARD,-0.61
8,1,10,19.39,FORWARD,-0.25
8,1,11,20.36,FORWARD,-0.53
8,1,12,21.35,FORWARD,-0.4
8,1,13,22.34,LEFT TURN,-0.31
8,1,14,23.79,FORWARD,-0.27
8,1,15,24.73,FORWARD,-0.17
8,1,16,25.73,LEFT TURN,-0.09
8,1,17,27.21,LEFT WALK,-0.05
8,1,18,28.62,RIGHT WALK,-0.45
8,1,19,30.05,LEFT WALK,-0.34
8,1,20,31.46,RIGHT WALK,-0.05
8,1,21,32.9,RIGHT WALK,-0.3
8,1,22,34.34,RIGHT TURN,-0.84
8,1,23,35.82,RIGHT TURN,-0.22
8,1,24,37.28,RIGHT TURN,-0.36
8,1,25,38.72,LEFT TURN,-0.05
8,2,1,0.01,LEFT TURN,-0.97
8,2,2,1.48,LEFT WALK,-0.72
8,2,3,2.9,CRAWL,-0.6
8,2,4,8.49,CRAWL,-0.7
8,2,5,14.0,FORWARD,-1.14
8,2,6,14.95,RIGHT WALK,-0.85
8,2,7,16.38,FORWARD,-0.64
8,2,8,17.4,RIGHT TURN,-0.3
8,2,9,18.83,RIGHT TURN,-0.51
8,2,10,20.33,RIGHT WALK,-0.05
8,2,11,21.78,LEFT WALK,-0.05
8,2,12,23.2,FORWARD,-0.05
8,2,13,24.19,FORWARD,-0.05
8,2,14,25.16,LEFT WALK,-0.05
8,2,15,26.58,RIGHT WALK,-0.2
8,2,16,28.0,LEFT TURN,-0.76
8,2,17,29.41,LEFT TURN,-1.07
8,2,18,30.86,FORWARD,-1.19
8,2,19,31.83,FORWARD,-1.84
8,2,20,32.8,RIGHT TURN,-0.88
8,2,21,34.22,FORWARD,-1.05
8,2,22,35.2,LEFT WALK,-0.69
8,2,23,36.59,FORWARD,-0.39
8,2,24,37.57,FORWARD,-0.7
8,2,25,38.54,CRAWL,-0.62
8,2,26,44.1,FORWARD,-0.46
8,2,27,45.09,FORWARD,-0.36
8,2,28,46.08,LEFT WALK,-0.05
8,2,29,47.54,LEFT WALK,-0.13
8,2,30,48.94,FORWARD,-0.05
8,2,31,49.95,RIGHT WALK,-0.3
8,2,32,51.37,LEFT WALK,-0.95
8,2,33,52.76,LEFT TURN,-0.75
8,2,34,54.22,LEFT WALK,-0.31
8,2,35,55.62,RIGHT TURN,-0.09
8,2,36,57.06,CRAWL,-0.05
8,2,37,62.65,CRAWL,-0.05
8,2,38,68.21,RIGHT WALK,-0.05
8,2,39,69.61,FORWARD,-0.22
8,2,40,70.58,LEFT TURN,-0.05
8,2,41,72.04,RIGHT WALK,-0.05
8,2,42,73.42,RIGHT TURN,-0.05
8,2,43,74.9,LEFT TURN,-0.19
8,3,1,0.01,FORWARD,-0.97
8,3,2,0.98,LEFT WALK,-1.23
8,3,3,2.39,FORWARD,-0.98
8,3,4,3.36,LEFT TURN,-0.94
8,3,5,4.84,LEFT TURN,-0.33
8,3,6,6.27,FORWARD,-0.54
8,3,7,7.25,CRAWL,-0.52
8,3,8,12.83,LEFT TURN,-0.6
8,3,9,14.3,LEFT TURN,-0.47
8,3,10,15.77,RIGHT TURN,-0.84
8,3,11,17.27,FORWARD,-1.03
8,3,12,18.26,FORWARD,-0.5
8,3,13,19.25,RIGHT WALK,-0.52
8,3,14,20.66,LEFT TURN,-0.37
8,3,15,22.15,FORWARD,-0.1
8,3,16,23.14,LEFT TURN,-0.05
8,3,17,24.57,FORWARD,-0.07
8,3,18,25.52,LEFT WALK,-0.2
8,3,19,26.96,FORWARD,-0.25
8,3,20,27.91,CRAWL,-0.05
8,3,21,33.5,FORWARD,-0.05
8,3,22,34.47,FORWARD,-0.05
8,3,23,35.47,RIGHT TURN,-0.1
8,3,24,36.91,LEFT TURN,-0.2
8,3,25,38.37,FORWARD,-0.26
8,3,26,39.39,LEFT WALK,-0.05
8,3,27,40.83,RIGHT TURN,-0.05
8,3,28,42.26,RIGHT WALK,-0.05
8,3,29,43.69,RIGHT WALK,-0.72
8,3,30,45.11,RIGHT TURN,-0.4
8,3,31,46.55,CRAWL,-0.51
8,3,32,52.13,FORWARD,-0.77
8,3,33,53.11,LEFT TURN,-0.43
8,3,34,54.55,LEFT WALK,-0.6
8,3,35,55.96,LEFT TURN,-0.56
8,3,36,57.4,FORWARD,-0.06
8,3,37,58.41,CRAWL,-0.05
8,3,38,64.0,LEFT WALK,-0.05
8,3,39,65.4,FORWARD,-0.71
8,3,40,66.35,RIGHT TURN,-0.5
8,3,41,67.84,FORWARD,-0.36
8,3,42,68.85,FORWARD,-0.57
8,3,43,69.82,LEFT WALK,-0.64
8,3,44,71.23,FORWARD,-0.77
8,3,45,72.22,CRAWL,-0.41
8,3,46,77.81,RIGHT WALK,-0.19
8,3,47,79.2,RIGHT WALK,-0.27
8,3,48,80.64,LEFT WALK,-0.37
8,3,49,82.03,RIGHT TURN,-0.79
8,3,50,83.5,FORWARD,-0.87
8,3,51,84.48,RIGHT TURN,-0.84
8,3,52,85.93,FORWARD,-0.85
8,3,53,86.95,CRAWL,-0.38
8,3,54,92.51,LEFT WALK,-0.6
9,1,1,0.01,FORWARD,-1.11
9,1,2,1.0,RIGHT TURN,-1.28
9,1,3,2.47,FORWARD,-1.17
9,1,4,3.44,FORWARD,-1.23
9,1,5,4.45,RIGHT WALK,-0.78
9,1,6,5.84,RIGHT TURN,-0.82
9,1,7,7.31,FORWARD,-0.73
9,1,8,8.28,RIGHT TURN,-0.66
9,1,9,9.73,FORWARD,-0.32
9,1,10,10.69,LEFT WALK,-0.7
9,1,11,12.09,RIGHT WALK,-0.81
9,1,12,13.48,LEFT WALK,-0.67
9,1,13,14.91,RIGHT TURN,-0.65
9,1,14,16.36,FORWARD,-0.89
9,1,15,17.39,CRAWL,-0.74
9,1,16,23.01,FORWARD,-0.83
9,1,17,23.99,LEFT WALK,-0.9
9,1,18,25.41,FORWARD,-1.21
9,1,19,26.41,LEFT TURN,-0.78
9,1,20,27.84,LEFT WALK,-0.16
9,1,21,29.29,RIGHT WALK,-0.74
9,1,22,30.75,FORWARD,-0.98
9,1,23,31.71,FORWARD,-0.41
9,1,24,32.66,LEFT TURN,-0.48
9,1,25,34.08,RIGHT TURN,-0.11
9,1,26,35.52,RIGHT TURN,-0.05
9,1,27,36.98,RIGHT TURN,-0.05
9,1,28,38.42,FORWARD,-0.27
9,1,29,39.41,FORWARD,-0.08
9,1,30,40.36,RIGHT WALK,-0.8
9,1,31,41.79,LEFT TURN,-0.51
9,1,32,43.23,RIGHT WALK,-0.78
9,1,33,44.66,FORWARD,-0.77
9,1,34,45.61,LEFT TURN,-0.69
9,1,35,47.09,LEFT WALK,-0.34
9,1,36,48.52,RIGHT TURN,-0.22
9,1,37,49.97,CRAWL,-0.12
9,1,38,55.56,FORWARD,-0.23
9,1,39,56.52,FORWARD,-0.19
9,1,40,57.52,LEFT WALK,-0.13
9,1,41,58.95,RIGHT TURN,-0.14
9,1,42,60.39,RIGHT TURN,-0.37
9,1,43,61.82,CRAWL,-0.05
9,1,44,67.38,LEFT TURN,-0.22
9,1,45,68.83,FORWARD,-0.47
9,1,46,69.79,CRAWL,-0.39
9,1,47,75.35,FORWARD,-0.05
9,1,48,76.31,FORWARD,-0.4
9,2,1,0.01,CRAWL,-1.99
9,2,2,5.57,RIGHT TURN,-2.14
9,2,3,7.04,RIGHT WALK,-1.57
9,2,4,8.5,RIGHT TURN,-1.32
9,2,5,9.94,RIGHT WALK,-1.47
9,2,6,11.35,LEFT WALK,-1.19
9,2,7,12.78,FORWARD,-1.81
9,2,8,13.76,LEFT WALK,-1.26
9,2,9,15.2,FORWARD,-1.05
9,2,10,16.18,FORWARD,-0.56
9,2,11,17.15,FORWARD,-0.77
9,2,12,18.1,RIGHT TURN,-1.25
9,2,13,19.52,FORWARD,-1.37
9,2,14,20.46,FORWARD,-2.01
9,2,15,21.45,RIGHT TURN,-2.05
9,2,16,22.89,FORWARD,-1.61
9,2,17,23.86,LEFT WALK,-0.64
9,2,18,25.25,FORWARD,-0.53
9,2,19,26.22,RIGHT WALK,-0.61
9,2,20,27.62,RIGHT WALK,-0.59
9,2,21,29.04,RIGHT TURN,-1.14
9,2,22,30.52,LEFT WALK,-1.1
9,2,23,31.95,RIGHT WALK,-0.97
9,2,24,33.39,CRAWL,-1.03
9,3,1,0.01,FORWARD,-1.31
9,3,2,1.0,FORWARD,-1.53
9,3,3,2.0,CRAWL,-1.21
9,3,4,7.56,CRAWL,-0.98
9,3,5,13.16,RIGHT WALK,-0.76
9,3,6,14.57,FORWARD,-1.28
9,3,7,15.56,CRAWL,-1.16
9,3,8,21.16,FORWARD,-0.91
9,3,9,22.12,LEFT WALK,-0.81
9,3,10,23.52,CRAWL,-0.15
9,3,11,29.12,FORWARD,-0.96
9,3,12,30.14,CRAWL,-0.49
9,3,13,35.72,CRAWL,-0.29
9,3,14,41.3,RIGHT WALK,-0.05
9,3,15,42.73,CRAWL,-0.05
9,3,16,48.3,FORWARD,-0.05
9,3,17,49.3,RIGHT TURN,-0.42
9,3,18,50.76,RIGHT TURN,-0.63
9,3,19,52.17,LEFT TURN,-0.51
9,3,20,53.65,FORWARD,-0.45
9,3,21,54.63,CRAWL,-0.69
9,3,22,60.21,RIGHT TURN,-1.29
9,3,23,61.68,FORWARD,-1.56
9,3,24,62.67,FORWARD,-1.52
9,3,25,63.65,FORWARD,-1.61
9,3,26,64.62,FORWARD,-1.61
9,3,27,65.62,LEFT TURN,-1.45
9,3,28,67.09,FORWARD,-0.91
10,1,1,0.01,LEFT TURN,-1.89
10,1,2,1.45,LEFT WALK,-1.78
10,1,3,2.85,FORWARD,-1.83
10,1,4,3.83,FORWARD,-1.53
10,1,5,4.83,LEFT TURN,-1.12
10,1,6,6.28,LEFT TURN,-0.68
10,1,7,7.74,RIGHT TURN,-0.45
10,1,8,9.18,FORWARD,-0.75
10,1,9,10.21,RIGHT TURN,-0.73
10,1,10,11.67,LEFT WALK,-0.83
10,1,11,13.07,LEFT WALK,-0.45
10,1,12,14.49,LEFT WALK,-0.05
10,1,13,15.9,RIGHT WALK,-0.21
10,1,14,17.33,LEFT WALK,-0.58
10,1,15,18.75,LEFT WALK,-0.73
10,1,16,20.18,FORWARD,-0.8
10,1,17,21.13,LEFT TURN,-0.05
10,1,18,22.58,FORWARD,-0.1
10,1,19,23.58,LEFT WALK,-0.08
10,1,20,24.98,CRAWL,-0.05
10,1,21,30.57,FORWARD,-0.05
10,1,22,31.56,FORWARD,-0.05
10,1,23,32.6,RIGHT TURN,-0.53
10,1,24,34.02,FORWARD,-0.69
10,1,25,35.0,RIGHT TURN,-0.59
10,1,26,36.44,CRAWL,-0.25
10,1,27,42.02,RIGHT WALK,-0.57
10,1,28,43.41,CRAWL,-0.45
10,1,29,48.98,FORWARD,-0.44
10,2,1,0.01,FORWARD,-2.37
10,2,2,1.01,FORWARD,-1.9
10,2,3,2.02,FORWARD,-1.37
10,2,4,2.99,CRAWL,-0.86
10,2,5,8.6,RIGHT TURN,-0.76
10,2,6,10.04,CRAWL,-1.22
10,2,7,15.62,RIGHT WALK,-1.1
10,2,8,17.05,LEFT WALK,-0.53
10,2,9,18.46,RIGHT TURN,-0.7
10,2,10,19.9,CRAWL,-1.06
10,2,11,25.51,LEFT WALK,-0.58
10,2,12,26.99,FORWARD,-0.05
10,2,13,27.99,FORWARD,-0.05
10,2,14,28.97,CRAWL,-0.05
10,2,15,34.57,LEFT TURN,-0.18
10,2,16,36.02,FORWARD,-0.48
10,2,17,36.99,CRAWL,-0.7
10,2,18,42.59,CRAWL,-0.69
10,2,19,48.17,FORWARD,-0.09
10,2,20,49.15,LEFT WALK,-0.34
10,2,21,50.57,RIGHT TURN,-0.6
10,2,22,52.02,FORWARD,-0.71
10,2,23,53.01,FORWARD,-0.95
10,2,24,54.04,CRAWL,-0.93
10,2,25,59.62,FORWARD,-0.42
10,2,26,60.61,FORWARD,-0.54
10,2,27,61.61,FORWARD,-1.0
10,2,28,62.57,LEFT TURN,-0.62
10,2,29,64.03,FORWARD,-0.25
10,2,30,64.97,FORWARD,-0.05
10,2,31,65.93,RIGHT TURN,-0.3
10,2,32,67.37,FORWARD,-0.86
10,2,33,68.36,FORWARD,-0.96
10,2,34,69.38,FORWARD,-0.9
10,2,35,70.37,FORWARD,-0.4
10,2,36,71.35,RIGHT WALK,-0.55
10,2,37,72.77,LEFT TURN,-0.51
10,2,38,74.19,FORWARD,-0.24
10,2,39,75.12,CRAWL,-0.45
10,2,40,80.7,FORWARD,-0.35
10,2,41,81.71,LEFT WALK,-0.12
10,2,42,83.13,RIGHT WALK,-0.14
10,2,43,84.52,FORWARD,-0.05
10,2,44,85.48,RIGHT TURN,-0.05
10,3,1,0.01,RIGHT TURN,-2.43
10,3,2,1.43,FORWARD,-2.06
10,3,3,2.42,LEFT TURN,-1.33
10,3,4,3.84,FORWARD,-1.58
10,3,5,4.8,RIGHT WALK,-1.08
10,3,6,6.23,FORWARD,-0.36
10,3,7,7.21,FORWARD,-0.05
10,3,8,8.2,LEFT WALK,-0.05
10,3,9,9.61,CRAWL,-0.05
10,3,10,15.19,FORWARD,-0.12
10,3,11,16.17,FORWARD,-0.26
10,3,12,17.15,LEFT TURN,-0.75
10,3,13,18.59,RIGHT WALK,-0.93
10,3,14,20.0,LEFT TURN,-1.43
10,3,15,21.45,FORWARD,-1.69
10,3,16,22.39,RIGHT TURN,-0.87
10,3,17,23.9,FORWARD,-1.2
10,3,18,24.89,LEFT WALK,-0.96
10,3,19,26.32,RIGHT TURN,-0.71
10,3,20,27.77,RIGHT TURN,-0.19
10,3,21,29.19,RIGHT TURN,-0.43
10,3,22,30.63,CRAWL,-0.46
10,3,23,36.2,FORWARD,-0.14
10,3,24,37.15,FORWARD,-0.06
10,3,25,38.1,FORWARD,-0.11
10,3,26,39.1,RIGHT TURN,-0.12
11,1,1,0.01,CRAWL,-0.17
11,1,2,5.57,LEFT TURN,-0.3
11,1,3,7.04,RIGHT TURN,-0.6
11,1,4,8.49,CRAWL,-0.42
11,1,5,14.08,LEFT TURN,-0.4
11,1,6,15.51,LEFT TURN,-0.37
11,1,7,16.96,CRAWL,-0.83
11,1,8,22.55,FORWARD,-0.55
11,1,9,23.49,RIGHT TURN,-0.33
11,1,10,24.96,LEFT TURN,-0.25
11,1,11,26.39,CRAWL,-0.15
11,1,12,32.01,FORWARD,-0.42
11,1,13,32.97,RIGHT TURN,-0.3
11,1,14,34.43,LEFT TURN,-0.05
11,1,15,35.84,FORWARD,-0.09
11,2,1,0.01,LEFT TURN,-2.23
11,2,2,1.47,RIGHT TURN,-2.43
11,2,3,2.93,FORWARD,-2.08
11,2,4,3.88,FORWARD,-1.91
11,2,5,4.85,LEFT WALK,-2.84
11,2,6,6.25,LEFT TURN,-3.41
11,2,7,7.69,FORWARD,-3.5
11,2,8,8.66,FORWARD,-3.61
11,2,9,9.64,RIGHT TURN,-2.9
11,2,10,11.09,RIGHT WALK,-3.26
11,2,11,12.52,LEFT TURN,-3.44
11,2,12,13.96,FORWARD,-3.84
11,2,13,14.96,RIGHT TURN,-3.96
11,2,14,16.46,RIGHT TURN,-3.59
11,2,15,17.9,FORWARD,-3.4
11,2,16,18.87,CRAWL,-3.38
11,2,17,24.43,FORWARD,-3.1
11,2,18,25.39,FORWARD,-2.96
11,2,19,26.4,FORWARD,-2.87
11,2,20,27.35,FORWARD,-2.71
11,2,21,28.33,RIGHT TURN,-3.04
11,2,22,29.77,FORWARD,-3.01
11,2,23,30.76,RIGHT WALK,-4.5
11,2,24,32.16,RIGHT TURN,-4.5
11,2,25,33.58,RIGHT WALK,-4.5
11,3,1,0.01,RIGHT TURN,-0.96
11,3,2,1.46,FORWARD,-0.92
11,3,3,2.45,FORWARD,-0.93
11,3,4,3.44,FORWARD,-0.96
11,3,5,4.4,FORWARD,-1.16
11,3,6,5.38,FORWARD,-0.95
11,3,7,6.37,RIGHT TURN,-0.73
11,3,8,7.87,CRAWL,-0.64
11,3,9,13.46,LEFT WALK,-0.56
11,3,10,14.87,FORWARD,-0.75
11,3,11,15.84,RIGHT TURN,-0.42
11,3,12,17.29,RIGHT TURN,-0.72
11,3,13,18.75,CRAWL,-0.94
11,3,14,24.33,LEFT TURN,-0.63
11,3,15,25.78,LEFT TURN,-0.46
11,3,16,27.21,FORWARD,-0.42
11,3,17,28.2,LEFT WALK,-0.1
11,3,18,29.61,FORWARD,-0.21
11,3,19,30.59,RIGHT TURN,-0.35
11,3,20,32.03,RIGHT TURN,-0.09
11,3,21,33.47,FORWARD,-0.24
11,3,22,34.44,CRAWL,-0.05
11,3,23,40.01,RIGHT WALK,-0.05
11,3,24,41.42,RIGHT TURN,-0.22
11,3,25,42.86,FORWARD,-0.08
11,3,26,43.83,RIGHT WALK,-0.23
11,3,27,45.24,RIGHT TURN,-0.66
11,3,28,46.67,RIGHT TURN,-0.73
11,3,29,48.12,RIGHT TURN,-0.51
11,3,30,49.6,RIGHT TURN,-0.29
11,3,31,51.03,LEFT TURN,-0.19
11,3,32,52.46,RIGHT WALK,-0.56
11,3,33,53.9,FORWARD,-0.48
11,3,34,54.86,CRAWL,-0.59
11,3,35,60.42,CRAWL,-0.69
11,3,36,66.01,LEFT TURN,-0.49
11,3,37,67.48,FORWARD,-0.64
11,3,38,68.43,FORWARD,-0.33
11,3,39,69.39,LEFT WALK,-1.04
11,3,40,70.8,LEFT WALK,-1.13
11,3,41,72.25,RIGHT WALK,-0.92
11,3,42,73.7,FORWARD,-1.16
11,3,43,74.67,LEFT WALK,-0.96
11,3,44,76.09,RIGHT TURN,-0.41
11,3,45,77.54,FORWARD,-0.43
11,3,46,78.54,LEFT WALK,-0.77
11,3,47,79.95,FORWARD,-0.76
11,3,48,80.91,RIGHT WALK,-0.61
11,3,49,82.31,FORWARD,-0.67
11,3,50,83.28,FORWARD,-0.87
11,3,51,84.26,LEFT WALK,-1.1
11,3,52,85.69,LEFT WALK,-1.19
11,3,53,87.08,FORWARD,-1.27
12,1,1,0.01,RIGHT WALK,-0.36
12,1,2,1.42,LEFT TURN,-0.05
12,1,3,2.88,RIGHT TURN,-0.08
12,1,4,4.36,RIGHT WALK,-0.05
12,1,5,5.78,RIGHT TURN,-0.57
12,1,6,7.25,FORWARD,-0.48
12,1,7,8.21,FORWARD,-0.22
12,1,8,9.18,RIGHT WALK,-0.34
12,1,9,10.56,FORWARD,-0.05
12,1,10,11.53,FORWARD,-0.05
12,1,11,12.53,CRAWL,-0.53
12,1,12,18.13,RIGHT TURN,-0.89
12,1,13,19.54,LEFT WALK,-0.73
12,1,14,20.96,LEFT TURN,-1.1
12,1,15,22.44,RIGHT WALK,-1.11
12,1,16,23.88,LEFT TURN,-1.23
12,1,17,25.35,LEFT TURN,-1.61
12,1,18,26.82,CRAWL,-1.5
12,1,19,32.41,FORWARD,-1.06
12,1,20,33.43,LEFT WALK,-0.71
12,1,21,34.87,RIGHT TURN,-0.05
12,1,22,36.33,CRAWL,-0.11
12,1,23,41.88,CRAWL,-0.28
12,1,24,47.45,LEFT TURN,-0.46
12,1,25,48.89,RIGHT TURN,-0.69
12,1,26,50.36,FORWARD,-0.74
12,1,27,51.32,LEFT TURN,-0.51
12,1,28,52.79,LEFT TURN,-0.48
12,1,29,54.24,RIGHT WALK,-0.71
12,1,30,55.67,RIGHT TURN,-0.47
12,1,31,57.13,RIGHT TURN,-0.7
12,1,32,58.58,CRAWL,-0.29
12,2,1,0.01,FORWARD,-1.09
12,2,2,0.96,FORWARD,-0.9
12,2,3,1.96,FORWARD,-1.25
12,2,4,2.95,FORWARD,-1.09
12,2,5,3.92,RIGHT WALK,-1.07
12,2,6,5.35,LEFT WALK,-1.14
12,2,7,6.77,RIGHT WALK,-1.24
12,2,8,8.2,RIGHT WALK,-1.28
12,2,9,9.61,FORWARD,-1.44
12,2,10,10.59,FORWARD,-1.02
12,2,11,11.58,FORWARD,-1.1
12,2,12,12.55,RIGHT WALK,-1.21
12,2,13,14.0,FORWARD,-1.96
12,2,14,14.98,FORWARD,-1.41
12,2,15,15.99,FORWARD,-1.44
12,2,16,17.01,LEFT TURN,-0.79
12,2,17,18.47,RIGHT WALK,-0.53
12,2,18,19.88,RIGHT TURN,-0.29
12,2,19,21.32,LEFT TURN,-0.18
12,2,20,22.79,CRAWL,-0.3
12,2,21,28.34,FORWARD,-0.46
12,2,22,29.3,FORWARD,-0.81
12,2,23,30.28,LEFT TURN,-0.76
12,2,24,31.73,FORWARD,-0.34
12,2,25,32.7,RIGHT WALK,-0.61
12,2,26,34.14,RIGHT WALK,-0.59
12,2,27,35.59,LEFT TURN,-0.48
12,3,1,0.01,LEFT TURN,-1.4
12,3,2,1.43,LEFT WALK,-0.74
12,3,3,2.85,LEFT TURN,-0.33
12,3,4,4.3,LEFT TURN,-0.27
12,3,5,5.71,FORWARD,-0.57
12,3,6,6.7,LEFT WALK,-0.05
12,3,7,8.11,CRAWL,-0.26
12,3,8,13.71,RIGHT TURN,-0.31
12,3,9,15.16,LEFT TURN,-0.21
12,3,10,16.58,FORWARD,-0.19
12,3,11,17.53,LEFT WALK,-0.37
12,3,12,18.97,CRAWL,-0.54
12,3,13,24.57,FORWARD,-0.61
12,3,14,25.51,LEFT TURN,-0.43
12,3,15,26.98,RIGHT WALK,-0.52
12,3,16,28.37,RIGHT TURN,-0.22
12,3,17,29.86,LEFT WALK,-0.51
12,3,18,31.28,FORWARD,-1.05
12,3,19,32.27,LEFT WALK,-1.29
12,3,20,33.7,LEFT TURN,-0.93
12,3,21,35.16,LEFT TURN,-1.28
12,3,22,36.62,RIGHT TURN,-1.6
12,3,23,38.05,RIGHT TURN,-1.21
12,3,24,39.5,FORWARD,-0.87
12,3,25,40.5,CRAWL,-0.7
12,3,26,46.08,CRAWL,-0.5
12,3,27,51.67,FORWARD,-0.21
12,3,28,52.67,CRAWL,-0.26
12,3,29,58.22,RIGHT TURN,-0.05
12,3,30,59.66,FORWARD,-0.28
12,3,31,60.63,FORWARD,-0.74
12,3,32,61.6,RIGHT TURN,-0.6
12,3,33,63.04,FORWARD,-0.05
12,3,34,64.02,FORWARD,-0.05
13,1,1,0.01,FORWARD,-0.66
13,1,2,1.01,LEFT TURN,-0.52
13,1,3,2.47,RIGHT TURN,-0.35
13,1,4,3.9,FORWARD,-0.23
13,1,5,4.88,RIGHT TURN,-0.22
13,1,6,6.35,LEFT TURN,-0.16
13,1,7,7.82,CRAWL,-0.05
13,1,8,13.39,FORWARD,-0.05
13,1,9,14.36,RIGHT TURN,-0.07
13,1,10,15.8,CRAWL,-0.06
13,1,11,21.4,FORWARD,-0.45
13,1,12,22.39,CRAWL,-0.05
13,1,13,27.99,FORWARD,-0.66
13,1,14,28.99,LEFT WALK,-0.58
13,1,15,30.41,RIGHT WALK,-0.49
13,1,16,31.82,LEFT WALK,-0.45
13,1,17,33.25,FORWARD,-0.07
13,1,18,34.22,LEFT WALK,-0.11
13,1,19,35.67,LEFT TURN,-0.05
13,1,20,37.11,LEFT WALK,-0.72
13,1,21,38.56,RIGHT TURN,-1.0
13,1,22,40.04,RIGHT WALK,-0.68
13,1,23,41.46,RIGHT TURN,-0.14
13,1,24,42.92,CRAWL,-0.11
13,2,1,0.01,RIGHT WALK,-1.83
13,2,2,1.44,RIGHT TURN,-1.8
13,2,3,2.83,CRAWL,-1.65
13,2,4,8.43,LEFT TURN,-1.92
13,2,5,9.86,FORWARD,-1.32
13,2,6,10.86,RIGHT TURN,-1.01
13,2,7,12.32,LEFT TURN,-0.89
13,2,8,13.76,FORWARD,-0.7
13,2,9,14.76,CRAWL,-0.39
13,2,10,20.31,FORWARD,-0.13
13,2,11,21.3,RIGHT TURN,-0.17
13,2,12,22.76,CRAWL,-0.45
13,2,13,28.34,LEFT WALK,-0.63
13,2,14,29.76,LEFT TURN,-0.47
13,2,15,31.2,CRAWL,-0.78
13,2,16,36.75,RIGHT WALK,-0.81
13,2,17,38.19,FORWARD,-0.64
13,2,18,39.15,LEFT TURN,-0.36
13,2,19,40.6,RIGHT WALK,-0.58
13,2,20,42.01,RIGHT TURN,-0.78
13,2,21,43.46,FORWARD,-0.74
13,2,22,44.43,RIGHT TURN,-0.72
13,2,23,45.88,RIGHT TURN,-0.95
13,2,24,47.34,CRAWL,-0.77
13,2,25,52.93,CRAWL,-0.75
13,2,26,58.48,LEFT WALK,-0.55
13,2,27,59.94,LEFT TURN,-0.36
13,2,28,61.36,RIGHT WALK,-0.4
13,2,29,62.78,CRAWL,-0.05
13,2,30,68.36,RIGHT TURN,-0.05
13,2,31,69.81,RIGHT TURN,-0.5
13,2,32,71.29,LEFT TURN,-0.73
13,2,33,72.75,RIGHT TURN,-0.3
13,2,34,74.17,FORWARD,-0.51
13,2,35,75.14,FORWARD,-0.73
13,2,36,76.12,FORWARD,-0.49
13,2,37,77.08,RIGHT TURN,-0.95
13,2,38,78.55,FORWARD,-0.97
13,2,39,79.53,CRAWL,-0.76
13,2,40,85.11,RIGHT WALK,-0.49
13,2,41,86.52,FORWARD,-0.65
13,2,42,87.51,CRAWL,-0.71
13,2,43,93.07,LEFT TURN,-0.26
13,2,44,94.55,RIGHT WALK,-0.52
13,2,45,95.94,RIGHT WALK,-0.29
13,2,46,97.35,LEFT TURN,-0.5
13,2,47,98.79,LEFT WALK,-0.05
13,2,48,100.21,RIGHT TURN,-0.26
13,2,49,101.68,RIGHT TURN,-0.05
13,2,50,103.14,FORWARD,-0.35
13,2,51,104.09,FORWARD,-0.22
13,2,52,105.09,FORWARD,-0.27
13,2,53,106.07,RIGHT TURN,-0.05
13,3,1,0.01,RIGHT TURN,-1.52
13,3,2,1.45,FORWARD,-1.35
13,3,3,2.46,RIGHT WALK,-1.18
13,3,4,3.89,RIGHT TURN,-1.1
13,3,5,5.34,LEFT WALK,-0.85
13,3,6,6.75,RIGHT WALK,-0.05
13,3,7,8.19,CRAWL,-0.05
13,3,8,13.81,FORWARD,-0.05
13,3,9,14.81,LEFT WALK,-0.32
13,3,10,16.25,FORWARD,-0.49
13,3,11,17.21,FORWARD,-0.23
13,3,12,18.14,RIGHT WALK,-0.36
13,3,13,19.59,CRAWL,-0.75
13,3,14,25.17,RIGHT WALK,-0.94
13,3,15,26.6,FORWARD,-0.8
13,3,16,27.54,FORWARD,-0.6
13,3,17,28.51,RIGHT WALK,-0.35
13,3,18,29.94,FORWARD,-1.11
13,3,19,30.96,FORWARD,-0.65
13,3,20,31.92,FORWARD,-0.1
13,3,21,32.86,FORWARD,-0.8
13,3,22,33.85,RIGHT TURN,-0.07
13,3,23,35.29,FORWARD,-0.74
13,3,24,36.28,RIGHT WALK,-0.34
13,3,25,37.7,RIGHT WALK,-0.05
13,3,26,39.12,RIGHT WALK,-0.05
13,3,27,40.53,FORWARD,-0.34
13,3,28,41.48,RIGHT TURN,-0.09
13,3,29,42.95,LEFT WALK,-0.12
13,3,30,44.38,FORWARD,-0.08
13,3,31,45.38,FORWARD,-0.3
13,3,32,46.35,FORWARD,-0.65
13,3,33,47.33,LEFT TURN,-0.59
13,3,34,48.75,RIGHT TURN,-0.29
13,3,35,50.22,FORWARD,-0.95
13,3,36,51.17,LEFT WALK,-1.06
13,3,37,52.59,FORWARD,-0.9
13,3,38,53.59,RIGHT WALK,-1.32
14,1,1,0.01,FORWARD,-1.17
14,1,2,0.98,FORWARD,-1.31
14,1,3,1.96,RIGHT TURN,-1.26
14,1,4,3.4,LEFT WALK,-1.22
14,1,5,4.87,FORWARD,-0.93
14,1,6,5.83,RIGHT WALK,-0.83
14,1,7,7.24,LEFT WALK,-0.44
14,1,8,8.66,FORWARD,-0.05
14,1,9,9.64,FORWARD,-0.05
14,1,10,10.64,LEFT WALK,-0.43
14,1,11,12.04,FORWARD,-0.07
14,1,12,13.01,RIGHT WALK,-0.05
14,1,13,14.41,LEFT TURN,-0.38
14,1,14,15.86,RIGHT WALK,-0.3
14,1,15,17.26,FORWARD,-0.05
14,1,16,18.3,FORWARD,-0.05
14,1,17,19.25,RIGHT WALK,-0.05
14,1,18,20.7,RIGHT WALK,-0.05
14,1,19,22.11,FORWARD,-0.47
14,1,20,23.09,LEFT TURN,-0.1
14,1,21,24.5,RIGHT WALK,-0.39
14,1,22,25.94,LEFT TURN,-0.05
14,1,23,27.37,FORWARD,-0.05
14,1,24,28.34,FORWARD,-0.05
14,1,25,29.29,CRAWL,-0.05
14,1,26,34.88,CRAWL,-0.05
14,1,27,40.47,FORWARD,-0.13
14,1,28,41.47,FORWARD,-0.05
14,1,29,42.46,LEFT TURN,-0.05
14,1,30,43.93,RIGHT TURN,-0.05
14,1,31,45.36,LEFT TURN,-0.12
14,2,1,0.01,CRAWL,-1.66
14,2,2,5.59,LEFT WALK,-1.17
14,2,3,7.01,LEFT TURN,-0.56
14,2,4,8.41,FORWARD,-0.08
14,2,5,9.38,FORWARD,-0.05
14,2,6,10.36,RIGHT TURN,-0.37
14,2,7,11.81,LEFT TURN,-0.36
14,2,8,13.31,FORWARD,-0.21
14,2,9,14.28,CRAWL,-0.05
14,2,10,19.86,FORWARD,-0.27
14,2,11,20.86,RIGHT TURN,-0.37
14,2,12,22.31,LEFT TURN,-0.78
14,2,13,23.78,LEFT TURN,-0.41
14,2,14,25.22,FORWARD,-0.54
14,2,15,26.22,LEFT WALK,-0.05
14,2,16,27.64,FORWARD,-0.2
14,2,17,28.61,LEFT WALK,-0.05
14,2,18,30.03,FORWARD,-0.21
14,3,1,0.01,CRAWL,-0.88
14,3,2,5.55,FORWARD,-0.87
14,3,3,6.54,LEFT WALK,-0.55
14,3,4,7.95,FORWARD,-0.2
14,3,5,8.93,LEFT TURN,-0.22
14,3,6,10.39,RIGHT WALK,-0.32
14,3,7,11.84,RIGHT TURN,-0.14
14,3,8,13.27,FORWARD,-0.33
14,3,9,14.25,RIGHT WALK,-0.05
14,3,10,15.64,RIGHT WALK,-0.05
14,3,11,17.07,LEFT TURN,-0.36
14,3,12,18.52,LEFT WALK,-0.81
14,3,13,19.9,LEFT WALK,-0.82
14,3,14,21.32,LEFT WALK,-1.0
14,3,15,22.76,RIGHT WALK,-1.03
14,3,16,24.17,LEFT WALK,-1.11
14,3,17,25.58,FORWARD,-1.16
14,3,18,26.54,RIGHT TURN,-0.99
14,3,19,27.97,LEFT TURN,-0.71
14,3,20,29.43,FORWARD,-0.49
14,3,21,30.41,FORWARD,-0.35
14,3,22,31.38,LEFT WALK,-0.83
14,3,23,32.83,RIGHT WALK,-0.63
14,3,24,34.22,LEFT TURN,-0.5
14,3,25,35.67,RIGHT WALK,-0.45
14,3,26,37.05,LEFT TURN,-0.71
14,3,27,38.49,CRAWL,-0.68
14,3,28,44.09,LEFT WALK,-0.65
14,3,29,45.48,LEFT TURN,-0.46
14,3,30,46.94,RIGHT TURN,-1.16
14,3,31,48.35,RIGHT TURN,-0.85
14,3,32,49.8,FORWARD,-0.73
14,3,33,50.75,FORWARD,-0.78
14,3,34,51.73,FORWARD,-1.07
14,3,35,52.7,LEFT WALK,-1.04
14,3,36,54.09,LEFT TURN,-0.63
14,3,37,55.53,FORWARD,-0.66
14,3,38,56.48,LEFT TURN,-0.45
14,3,39,57.94,CRAWL,-0.55
14,3,40,63.47,RIGHT WALK,-0.23
15,1,1,0.01,RIGHT TURN,-1.39
15,1,2,1.43,FORWARD,-0.87
15,1,3,2.4,FORWARD,-1.06
15,1,4,3.35,CRAWL,-0.72
15,1,5,8.92,RIGHT WALK,-0.65
15,1,6,10.32,LEFT TURN,-0.93
15,1,7,11.79,RIGHT TURN,-0.83
15,1,8,13.27,LEFT WALK,-0.54
15,1,9,14.73,FORWARD,-0.8
15,1,10,15.67,CRAWL,-0.35
15,1,11,21.27,FORWARD,-0.05
15,1,12,22.29,LEFT TURN,-0.05
15,1,13,23.74,RIGHT TURN,-0.05
15,1,14,25.2,CRAWL,-0.05
15,1,15,30.76,RIGHT TURN,-0.38
15,1,16,32.21,LEFT TURN,-0.56
15,1,17,33.68,FORWARD,-0.68
15,1,18,34.62,LEFT TURN,-0.48
15,2,1,0.01,FORWARD,-1.48
15,2,2,1.0,RIGHT WALK,-1.01
15,2,3,2.46,RIGHT WALK,-1.27
15,2,4,3.88,LEFT TURN,-1.13
15,2,5,5.32,RIGHT TURN,-1.06
15,2,6,6.79,FORWARD,-0.87
15,2,7,7.78,FORWARD,-1.15
15,2,8,8.76,FORWARD,-0.59
15,2,9,9.74,FORWARD,-0.72
15,2,10,10.7,FORWARD,-0.22
15,2,11,11.67,FORWARD,-0.42
15,2,12,12.63,RIGHT TURN,-0.28
15,2,13,14.11,RIGHT TURN,-0.71
15,2,14,15.57,LEFT WALK,-0.34
15,2,15,16.98,CRAWL,-0.73
15,2,16,22.55,FORWARD,-0.05
15,2,17,23.54,LEFT TURN,-0.14
15,2,18,24.99,RIGHT WALK,-0.52
15,2,19,26.41,LEFT TURN,-0.18
15,2,20,27.87,LEFT WALK,-0.18
15,2,21,29.27,CRAWL,-0.05
15,2,22,34.86,CRAWL,-0.05
15,2,23,40.44,FORWARD,-0.05
15,2,24,41.41,RIGHT TURN,-0.05
15,2,25,42.84,FORWARD,-0.05
15,2,26,43.81,FORWARD,-0.05
15,2,27,44.79,FORWARD,-0.23
15,2,28,45.75,RIGHT TURN,-0.38
15,2,29,47.16,FORWARD,-0.71
15,2,30,48.16,RIGHT TURN,-0.06
15,2,31,49.62,FORWARD,-0.4
15,2,32,50.61,FORWARD,-0.06
15,2,33,51.6,FORWARD,-0.22
15,2,34,52.6,FORWARD,-0.3
15,2,35,53.55,RIGHT TURN,-0.2
15,2,36,54.96,FORWARD,-0.26
15,2,37,55.93,FORWARD,-0.05
15,2,38,56.91,FORWARD,-0.12
15,2,39,57.89,RIGHT TURN,-0.05
15,2,40,59.34,RIGHT WALK,-0.05
15,3,1,0.01,CRAWL,-0.36
15,3,2,5.58,FORWARD,-0.65
15,3,3,6.55,RIGHT TURN,-0.58
15,3,4,8.0,FORWARD,-0.77
15,3,5,8.97,LEFT TURN,-0.72
15,3,6,10.44,FORWARD,-0.43
15,3,7,11.45,LEFT TURN,-0.44
15,3,8,12.92,RIGHT TURN,-0.99
15,3,9,14.4,FORWARD,-0.74
15,3,10,15.4,LEFT WALK,-0.05
15,3,11,16.84,FORWARD,-0.05
15,3,12,17.82,FORWARD,-0.38
15,3,13,18.81,FORWARD,-0.4
15,3,14,19.76,FORWARD,-0.21
15,3,15,20.73,FORWARD,-0.37
15,3,16,21.73,FORWARD,-0.45
15,3,17,22.7,FORWARD,-0.78
15,3,18,23.67,FORWARD,-0.18
15,3,19,24.65,RIGHT TURN,-0.2
15,3,20,26.11,FORWARD,-0.45
15,3,21,27.08,FORWARD,-0.7
15,3,22,28.05,RIGHT TURN,-0.66
15,3,23,29.51,LEFT TURN,-0.39
15,3,24,30.96,RIGHT WALK,-0.05
15,3,25,32.42,LEFT WALK,-0.2
15,3,26,33.83,LEFT WALK,-0.05
16,1,1,0.01,FORWARD,-0.83
16,1,2,0.99,FORWARD,-0.55
16,1,3,1.97,CRAWL,-0.18
16,1,4,7.56,RIGHT TURN,-0.21
16,1,5,9.01,FORWARD,-0.73
16,1,6,9.97,FORWARD,-1.11
16,1,7,10.97,RIGHT TURN,-0.93
16,1,8,12.4,FORWARD,-0.61
16,1,9,13.4,LEFT WALK,-1.08
16,1,10,14.79,FORWARD,-1.01
16,1,11,15.8,CRAWL,-0.58
16,1,12,21.38,LEFT WALK,-0.62
16,1,13,22.79,FORWARD,-0.82
16,1,14,23.78,FORWARD,-1.38
16,1,15,24.73,FORWARD,-1.06
16,1,16,25.69,LEFT TURN,-1.3
16,1,17,27.14,FORWARD,-1.44
16,1,18,28.15,CRAWL,-1.58
16,1,19,33.74,RIGHT TURN,-1.98
16,1,20,35.2,LEFT WALK,-1.32
16,1,21,36.58,LEFT TURN,-1.12
16,1,22,37.96,CRAWL,-0.41
16,1,23,43.56,CRAWL,-0.67
16,1,24,49.12,LEFT WALK,-0.86
16,1,25,50.54,CRAWL,-0.81
16,1,26,56.14,LEFT TURN,-0.72
16,1,27,57.59,RIGHT TURN,-0.42
16,1,28,59.03,FORWARD,-0.37
16,1,29,60.04,LEFT TURN,-0.32
16,1,30,61.49,FORWARD,-0.36
16,1,31,62.46,FORWARD,-0.35
16,1,32,63.47,FORWARD,-0.92
16,1,33,64.43,FORWARD,-0.56
16,1,34,65.41,CRAWL,-0.65
16,1,35,70.99,RIGHT TURN,-0.89
16,1,36,72.44,LEFT TURN,-0.45
16,1,37,73.9,RIGHT WALK,-0.05
16,2,1,0.01,RIGHT WALK,-0.56
16,2,2,1.42,RIGHT WALK,-0.61
16,2,3,2.91,FORWARD,-0.92
16,2,4,3.92,CRAWL,-0.75
16,2,5,9.53,RIGHT TURN,-0.88
16,2,6,11.0,RIGHT TURN,-0.58
16,2,7,12.44,LEFT TURN,-0.66
16,2,8,13.9,LEFT TURN,-0.61
16,2,9,15.37,RIGHT WALK,-0.53
16,2,10,16.82,LEFT WALK,-0.27
16,2,11,18.21,RIGHT WALK,-0.57
16,2,12,19.62,CRAWL,-0.05
16,2,13,25.21,RIGHT WALK,-0.42
16,2,14,26.67,FORWARD,-0.09
16,2,15,27.62,FORWARD,-0.19
16,2,16,28.63,CRAWL,-0.2
16,2,17,34.21,LEFT TURN,-0.11
16,2,18,35.67,LEFT WALK,-0.34
16,2,19,37.11,RIGHT TURN,-0.24
16,2,20,38.57,FORWARD,-0.38
16,2,21,39.57,LEFT TURN,-0.6
16,2,22,40.99,FORWARD,-0.72
16,2,23,41.97,FORWARD,-0.92
16,2,24,42.94,FORWARD,-1.14
16,2,25,43.9,LEFT WALK,-0.62
16,3,1,0.01,CRAWL,-1.32
16,3,2,5.59,FORWARD,-1.41
16,3,3,6.58,LEFT TURN,-0.61
16,3,4,8.03,CRAWL,-0.42
16,3,5,13.66,RIGHT TURN,-0.69
16,3,6,15.09,RIGHT TURN,-0.36
16,3,7,16.53,LEFT WALK,-0.72
16,3,8,17.94,LEFT WALK,-0.64
16,3,9,19.33,RIGHT WALK,-0.53
16,3,10,20.75,RIGHT TURN,-0.4
16,3,11,22.19,RIGHT TURN,-0.22
16,3,12,23.65,LEFT WALK,-0.22
16,3,13,25.09,RIGHT TURN,-0.05
16,3,14,26.6,FORWARD,-0.05
16,3,15,27.58,RIGHT TURN,-0.25
16,3,16,29.05,LEFT WALK,-0.59
16,3,17,30.44,CRAWL,-0.4
16,3,18,36.01,RIGHT WALK,-0.05
16,3,19,37.44,FORWARD,-0.05
16,3,20,38.44,RIGHT WALK,-0.05
16,3,21,39.9,RIGHT TURN,-0.05
16,3,22,41.35,FORWARD,-0.05
16,3,23,42.35,RIGHT TURN,-0.05
16,3,24,43.77,FORWARD,-0.52
16,3,25,44.76,LEFT WALK,-1.1
16,3,26,46.21,FORWARD,-0.94
16,3,27,47.18,LEFT TURN,-0.29
16,3,28,48.62,FORWARD,-0.13
16,3,29,49.6,RIGHT TURN,-0.05
16,3,30,51.08,CRAWL,-0.05
16,3,31,56.66,LEFT TURN,-0.51
17,1,1,0.01,FORWARD,-1.42
17,1,2,0.98,RIGHT WALK,-1.47
17,1,3,2.41,FORWARD,-1.22
17,1,4,3.38,RIGHT WALK,-0.47
17,1,5,4.8,CRAWL,-0.51
17,1,6,10.38,RIGHT TURN,-0.15
17,1,7,11.84,RIGHT WALK,-0.05
17,1,8,13.29,FORWARD,-0.42
17,1,9,14.23,LEFT TURN,-0.45
17,1,10,15.69,FORWARD,-0.79
17,1,11,16.62,CRAWL,-0.95
17,1,12,22.18,FORWARD,-0.7
17,1,13,23.17,CRAWL,-0.56
17,1,14,28.75,FORWARD,-0.61
17,1,15,29.74,RIGHT WALK,-0.72
17,1,16,31.16,RIGHT TURN,-0.59
17,1,17,32.6,LEFT TURN,-1.04
17,2,1,0.01,RIGHT WALK,-1.22
17,2,2,1.38,FORWARD,-1.42
17,2,3,2.33,FORWARD,-0.94
17,2,4,3.3,RIGHT TURN,-0.59
17,2,5,4.78,FORWARD,-0.11
17,2,6,5.73,RIGHT TURN,-0.42
17,2,7,7.18,RIGHT TURN,-0.34
17,2,8,8.64,FORWARD,-0.9
17,2,9,9.67,FORWARD,-0.32
17,2,10,10.67,RIGHT TURN,-0.05
17,2,11,12.12,FORWARD,-0.17
17,2,12,13.07,LEFT WALK,-0.46
17,2,13,14.48,LEFT TURN,-0.53
17,2,14,15.93,RIGHT TURN,-0.05
17,2,15,17.36,RIGHT TURN,-0.05
17,2,16,18.83,LEFT WALK,-0.73
17,2,17,20.23,FORWARD,-0.89
17,2,18,21.21,CRAWL,-0.37
17,2,19,26.76,FORWARD,-0.52
17,2,20,27.77,FORWARD,-0.34
17,2,21,28.76,LEFT TURN,-0.05
17,2,22,30.19,RIGHT TURN,-0.05
17,2,23,31.61,LEFT WALK,-0.33
17,2,24,33.01,RIGHT WALK,-0.51
17,3,1,0.01,FORWARD,-2.41
17,3,2,1.02,RIGHT TURN,-2.61
17,3,3,2.45,FORWARD,-2.96
17,3,4,3.4,LEFT WALK,-3.14
17,3,5,4.79,FORWARD,-4.01
17,3,6,5.78,FORWARD,-3.96
17,3,7,6.75,LEFT TURN,-3.87
17,3,8,8.24,FORWARD,-3.32
17,3,9,9.23,FORWARD,-3.27
17,3,10,10.21,LEFT WALK,-3.48
17,3,11,11.63,CRAWL,-3.78
17,3,12,17.22,FORWARD,-3.32
17,3,13,18.23,FORWARD,-3.48
17,3,14,19.23,FORWARD,-3.5
17,3,15,20.23,CRAWL,-3.3
17,3,16,25.87,FORWARD,-3.91
17,3,17,26.84,RIGHT WALK,-4.08
17,3,18,28.28,CRAWL,-4.16
17,3,19,33.83,LEFT TURN,-3.62
17,3,20,35.28,RIGHT TURN,-3.91
17,3,21,36.73,FORWARD,-3.59
17,3,22,37.68,FORWARD,-3.3
17,3,23,38.68,RIGHT WALK,-3.69
17,3,24,40.09,RIGHT TURN,-4.19
17,3,25,41.55,FORWARD,-4.5
17,3,26,42.54,RIGHT WALK,-4.5
18,1,1,0.01,RIGHT TURN,-1.79
18,1,2,1.44,CRAWL,-2.48
18,1,3,7.05,RIGHT WALK,-2.35
18,1,4,8.49,FORWARD,-2.76
18,1,5,9.48,FORWARD,-3.25
18,1,6,10.46,FORWARD,-3.98
18,1,7,11.47,FORWARD,-3.83
18,1,8,12.43,RIGHT WALK,-4.19
18,1,9,13.87,RIGHT WALK,-3.77
18,1,10,15.32,RIGHT TURN,-4.31
18,1,11,16.76,FORWARD,-4.31
18,1,12,17.75,LEFT WALK,-4.23
18,1,13,19.21,FORWARD,-4.23
18,1,14,20.2,LEFT TURN,-4.36
18,1,15,21.67,LEFT TURN,-4.11
18,1,16,23.13,FORWARD,-4.28
18,1,17,24.11,LEFT TURN,-4.49
18,1,18,25.56,LEFT TURN,-4.4
18,1,19,27.02,LEFT TURN,-4.45
18,1,20,28.43,CRAWL,-4.5
18,1,21,34.03,FORWARD,-4.5
18,2,1,0.01,FORWARD,-0.99
18,2,2,0.99,FORWARD,-0.75
18,2,3,2.0,CRAWL,-0.81
18,2,4,7.57,RIGHT TURN,-0.78
18,2,5,9.02,FORWARD,-0.9
18,2,6,9.95,FORWARD,-1.1
18,2,7,10.93,FORWARD,-0.81
18,2,8,11.91,FORWARD,-0.85
18,2,9,12.88,FORWARD,-0.83
18,2,10,13.87,RIGHT TURN,-0.34
18,2,11,15.29,FORWARD,-0.05
18,2,12,16.27,RIGHT TURN,-0.05
18,2,13,17.73,LEFT TURN,-0.58
18,2,14,19.19,CRAWL,-0.05
18,2,15,24.75,RIGHT WALK,-0.11
18,2,16,26.19,RIGHT WALK,-0.1
18,2,17,27.62,FORWARD,-0.05
18,2,18,28.59,CRAWL,-0.05
18,2,19,34.21,RIGHT WALK,-0.16
18,2,20,35.62,FORWARD,-0.05
18,2,21,36.58,LEFT WALK,-0.05
18,2,22,37.99,LEFT WALK,-0.05
18,2,23,39.41,RIGHT TURN,-0.5
18,2,24,40.87,CRAWL,-0.35
18,2,25,46.43,RIGHT TURN,-0.05
18,2,26,47.89,FORWARD,-0.24
18,3,1,0.01,FORWARD,-0.95
18,3,2,1.0,LEFT TURN,-0.77
18,3,3,2.45,LEFT TURN,-0.76
18,3,4,3.9,FORWARD,-0.89
18,3,5,4.91,RIGHT WALK,-0.75
18,3,6,6.35,FORWARD,-0.45
18,3,7,7.35,RIGHT WALK,-0.47
18,3,8,8.8,FORWARD,-0.05
18,3,9,9.74,CRAWL,-0.13
18,3,10,15.34,FORWARD,-0.16
18,3,11,16.33,LEFT TURN,-0.05
18,3,12,17.77,LEFT WALK,-0.05
18,3,13,19.2,FORWARD,-0.5
18,3,14,20.18,CRAWL,-0.66
18,3,15,25.78,LEFT TURN,-0.12
18,3,16,27.2,LEFT WALK,-0.13
18,3,17,28.62,FORWARD,-0.55
19,1,1,0.01,CRAWL,-2.0
19,1,2,5.59,LEFT WALK,-2.05
19,1,3,7.03,CRAWL,-1.45
19,1,4,12.6,FORWARD,-1.52
19,1,5,13.55,CRAWL,-1.37
19,1,6,19.16,RIGHT TURN,-0.74
19,1,7,20.62,FORWARD,-0.27
19,1,8,21.6,LEFT TURN,-0.55
19,1,9,23.06,FORWARD,-0.46
19,1,10,24.03,CRAWL,-0.63
19,1,11,29.59,RIGHT WALK,-0.9
19,1,12,31.02,LEFT WALK,-1.03
19,1,13,32.42,FORWARD,-1.14
19,1,14,33.39,RIGHT WALK,-1.19
19,1,15,34.81,RIGHT TURN,-1.21
19,1,16,36.27,FORWARD,-0.56
19,1,17,37.23,LEFT WALK,-0.58
19,1,18,38.61,FORWARD,-0.89
19,1,19,39.62,RIGHT WALK,-1.1
19,1,20,41.05,FORWARD,-0.99
19,1,21,42.0,RIGHT TURN,-0.77
19,1,22,43.45,LEFT TURN,-0.82
19,2,1,0.01,FORWARD,-1.48
19,2,2,1.01,RIGHT TURN,-1.08
19,2,3,2.45,CRAWL,-1.07
19,2,4,8.05,CRAWL,-1.13
19,2,5,13.66,LEFT TURN,-0.31
19,2,6,15.09,LEFT TURN,-0.88
19,2,7,16.54,LEFT TURN,-0.79
19,2,8,17.99,FORWARD,-0.76
19,2,9,18.97,FORWARD,-0.71
19,2,10,19.93,CRAWL,-0.87
19,2,11,25.52,RIGHT WALK,-0.95
19,2,12,26.94,CRAWL,-0.49
19,2,13,32.49,FORWARD,-0.05
19,2,14,33.5,LEFT TURN,-0.06
19,2,15,34.95,FORWARD,-0.07
19,2,16,35.92,LEFT WALK,-0.05
19,2,17,37.39,RIGHT TURN,-0.05
19,2,18,38.81,FORWARD,-0.11
19,2,19,39.77,FORWARD,-0.57
19,2,20,40.73,RIGHT TURN,-0.32
19,2,21,42.2,RIGHT TURN,-0.19
19,2,22,43.67,RIGHT TURN,-0.15
19,2,23,45.13,FORWARD,-0.35
19,2,24,46.14,FORWARD,-0.35
19,2,25,47.11,LEFT WALK,-0.34
19,2,26,48.54,CRAWL,-0.67
19,2,27,54.12,RIGHT TURN,-0.55
19,2,28,55.61,FORWARD,-0.72
19,2,29,56.61,CRAWL,-0.52
19,2,30,62.22,FORWARD,-0.42
19,2,31,63.19,LEFT TURN,-0.28
19,2,32,64.63,LEFT WALK,-0.16
19,2,33,66.04,CRAWL,-0.05
19,2,34,71.61,RIGHT TURN,-0.41
19,2,35,73.09,CRAWL,-0.33
19,2,36,78.71,RIGHT TURN,-0.36
19,2,37,80.17,FORWARD,-0.4
19,2,38,81.15,CRAWL,-0.46
19,2,39,86.75,FORWARD,-0.58
19,2,40,87.76,CRAWL,-0.33
19,2,41,93.34,RIGHT TURN,-0.54
19,2,42,94.8,FORWARD,-0.47
19,2,43,95.8,LEFT WALK,-0.63
19,2,44,97.27,FORWARD,-0.41
19,2,45,98.3,RIGHT WALK,-0.93
19,2,46,99.74,RIGHT TURN,-0.86
19,2,47,101.2,CRAWL,-1.13
19,2,48,106.78,LEFT WALK,-1.16
19,2,49,108.19,LEFT TURN,-1.09
19,2,50,109.64,LEFT TURN,-1.32
19,2,51,111.07,FORWARD,-1.17
19,2,52,112.01,CRAWL,-1.58
19,3,1,0.01,RIGHT TURN,-1.51
19,3,2,1.47,CRAWL,-1.41
19,3,3,7.06,LEFT WALK,-1.27
19,3,4,8.46,FORWARD,-0.45
19,3,5,9.42,FORWARD,-0.5
19,3,6,10.4,RIGHT TURN,-0.82
19,3,7,11.84,FORWARD,-0.29
19,3,8,12.81,LEFT WALK,-0.05
19,3,9,14.23,FORWARD,-0.54
19,3,10,15.19,LEFT TURN,-0.76
19,3,11,16.65,FORWARD,-1.28
19,3,12,17.61,FORWARD,-1.38
19,3,13,18.62,CRAWL,-1.65
19,3,14,24.2,FORWARD,-0.37
19,3,15,25.17,FORWARD,-0.32
19,3,16,26.16,LEFT WALK,-0.54
19,3,17,27.58,FORWARD,-0.72
19,3,18,28.53,RIGHT WALK,-1.35
19,3,19,29.98,FORWARD,-0.93
19,3,20,30.97,FORWARD,-0.98
19,3,21,31.96,RIGHT TURN,-0.74
19,3,22,33.42,CRAWL,-0.65
19,3,23,38.98,FORWARD,-0.87
19,3,24,39.98,RIGHT TURN,-0.84
19,3,25,41.43,FORWARD,-0.65
19,3,26,42.39,LEFT WALK,-0.84
19,3,27,43.83,CRAWL,-0.91
19,3,28,49.41,CRAWL,-1.01
19,3,29,55.0,LEFT TURN,-0.91
19,3,30,56.45,CRAWL,-0.98
19,3,31,62.07,FORWARD,-1.15
19,3,32,63.04,FORWARD,-0.89
19,3,33,63.99,RIGHT WALK,-0.93
19,3,34,65.39,FORWARD,-0.87
19,3,35,66.37,CRAWL,-0.59
19,3,36,71.93,LEFT WALK,-0.55
19,3,37,73.31,LEFT WALK,-0.38
19,3,38,74.71,FORWARD,-0.39
19,3,39,75.67,CRAWL,-0.48
19,3,40,81.25,RIGHT TURN,-0.19
19,3,41,82.7,LEFT WALK,-0.17
20,1,1,0.01,CRAWL,-1.08
20,1,2,5.59,RIGHT WALK,-0.68
20,1,3,7.04,FORWARD,-0.41
20,1,4,8.03,CRAWL,-0.41
20,1,5,13.63,RIGHT TURN,-0.61
20,1,6,15.06,RIGHT TURN,-0.62
20,1,7,16.55,RIGHT WALK,-0.52
20,1,8,17.96,FORWARD,-0.94
20,1,9,18.95,LEFT TURN,-1.3
20,1,10,20.38,LEFT TURN,-0.85
20,1,11,21.84,RIGHT TURN,-0.91
20,1,12,23.3,RIGHT WALK,-1.01
20,1,13,24.7,LEFT WALK,-0.81
20,1,14,26.11,RIGHT WALK,-1.41
20,1,15,27.54,FORWARD,-1.48
20,1,16,28.54,FORWARD,-1.08
20,1,17,29.5,RIGHT WALK,-0.95
20,1,18,30.91,FORWARD,-0.73
20,1,19,31.89,LEFT WALK,-0.05
20,1,20,33.33,RIGHT TURN,-1.1
20,1,21,34.8,FORWARD,-0.56
20,1,22,35.78,CRAWL,-0.58
20,1,23,41.29,LEFT WALK,-0.05
20,1,24,42.7,FORWARD,-0.4
20,1,25,43.67,LEFT TURN,-0.29
20,1,26,45.13,FORWARD,-0.05
20,1,27,46.11,FORWARD,-0.46
20,1,28,47.09,LEFT TURN,-0.72
20,1,29,48.55,FORWARD,-0.22
20,1,30,49.52,LEFT WALK,-0.05
20,1,31,50.94,LEFT TURN,-0.05
20,1,32,52.38,RIGHT TURN,-0.05
20,1,33,53.77,RIGHT WALK,-0.05
20,1,34,55.18,FORWARD,-0.05
20,1,35,56.16,LEFT WALK,-0.22
20,1,36,57.58,RIGHT WALK,-0.05
20,1,37,58.98,FORWARD,-0.09
20,1,38,59.97,RIGHT TURN,-0.05
20,1,39,61.43,LEFT WALK,-0.25
20,1,40,62.84,RIGHT TURN,-0.11
20,1,41,64.31,RIGHT TURN,-0.1
20,1,42,65.76,FORWARD,-1.03
20,2,1,0.01,FORWARD,-1.04
20,2,2,0.99,RIGHT WALK,-0.49
20,2,3,2.44,FORWARD,-0.42
20,2,4,3.41,LEFT TURN,-0.56
20,2,5,4.84,FORWARD,-0.34
20,2,6,5.81,RIGHT WALK,-0.6
20,2,7,7.26,FORWARD,-0.55
20,2,8,8.24,FORWARD,-0.5
20,2,9,9.21,LEFT WALK,-0.65
20,2,10,10.61,CRAWL,-1.03
20,2,11,16.22,CRAWL,-1.0
20,2,12,21.77,CRAWL,-0.67
20,2,13,27.34,RIGHT TURN,-0.42
20,2,14,28.79,CRAWL,-0.39
20,2,15,34.41,RIGHT WALK,-0.68
20,2,16,35.82,RIGHT TURN,-0.55
20,2,17,37.28,RIGHT TURN,-0.23
20,2,18,38.71,LEFT WALK,-0.46
20,2,19,40.11,RIGHT TURN,-0.2
20,2,20,41.57,RIGHT TURN,-0.42
20,2,21,43.04,FORWARD,-0.11
20,2,22,44.0,LEFT TURN,-0.05
20,3,1,0.01,FORWARD,-0.78
20,3,2,1.01,LEFT WALK,-0.75
20,3,3,2.43,LEFT WALK,-0.91
20,3,4,3.85,RIGHT TURN,-1.43
20,3,5,5.3,FORWARD,-1.13
20,3,6,6.31,RIGHT WALK,-0.57
20,3,7,7.71,FORWARD,-0.39
20,3,8,8.71,LEFT TURN,-0.05
20,3,9,10.15,RIGHT TURN,-0.05
20,3,10,11.6,FORWARD,-0.05
20,3,11,12.55,CRAWL,-0.19
20,3,12,18.14,RIGHT TURN,-0.35
20,3,13,19.59,CRAWL,-0.13
20,3,14,25.15,RIGHT WALK,-0.28
20,3,15,26.52,CRAWL,-0.11
20,3,16,32.05,LEFT WALK,-0.68
20,3,17,33.5,LEFT TURN,-0.54
20,3,18,34.97,RIGHT WALK,-0.05
20,3,19,36.35,CRAWL,-0.05
20,3,20,41.96,LEFT WALK,-0.71
20,3,21,43.41,LEFT TURN,-1.11
20,3,22,44.89,FORWARD,-1.3
20,3,23,45.89,LEFT WALK,-0.94
20,3,24,47.31,CRAWL,-0.85
20,3,25,52.88,FORWARD,-0.43
20,3,26,53.84,FORWARD,-0.77
20,3,27,54.85,RIGHT TURN,-1.12
20,3,28,56.29,FORWARD,-1.07
20,3,29,57.26,RIGHT TURN,-0.39
20,3,30,58.7,FORWARD,-0.09
20,3,31,59.67,LEFT TURN,-0.18
20,3,32,61.13,RIGHT TURN,-0.72
21,1,1,0.01,FORWARD,-0.69
21,1,2,0.96,FORWARD,-0.16
21,1,3,1.91,RIGHT WALK,-0.12
21,1,4,3.31,RIGHT WALK,-0.05
21,1,5,4.71,RIGHT TURN,-0.05
21,1,6,6.16,FORWARD,-0.27
21,1,7,7.15,FORWARD,-0.05
21,1,8,8.1,LEFT TURN,-0.18
21,1,9,9.54,CRAWL,-0.14
21,1,10,15.12,RIGHT TURN,-0.26
21,1,11,16.53,RIGHT WALK,-0.34
21,1,12,17.96,RIGHT TURN,-0.35
21,1,13,19.41,FORWARD,-0.05
21,1,14,20.38,LEFT WALK,-0.25
21,1,15,21.78,LEFT TURN,-0.05
21,1,16,23.21,CRAWL,-0.23
21,1,17,28.77,RIGHT WALK,-0.46
21,1,18,30.16,CRAWL,-0.19
21,1,19,35.74,CRAWL,-0.05
21,1,20,41.32,RIGHT WALK,-0.07
21,1,21,42.73,FORWARD,-0.05
21,1,22,43.71,LEFT WALK,-0.12
21,1,23,45.14,LEFT TURN,-0.51
21,1,24,46.6,FORWARD,-0.84
21,1,25,47.6,RIGHT TURN,-0.47
21,1,26,49.02,RIGHT TURN,-0.58
21,1,27,50.49,LEFT TURN,-0.86
21,1,28,51.93,FORWARD,-0.86
21,1,29,52.91,LEFT TURN,-0.91
21,1,30,54.35,RIGHT TURN,-0.18
21,1,31,55.83,FORWARD,-0.05
21,1,32,56.83,CRAWL,-0.05
21,1,33,62.37,FORWARD,-0.05
21,1,34,63.34,LEFT TURN,-0.31
21,1,35,64.79,RIGHT TURN,-0.37
21,1,36,66.25,LEFT WALK,-0.52
21,1,37,67.67,FORWARD,-0.36
21,1,38,68.64,RIGHT TURN,-1.22
21,1,39,70.09,LEFT WALK,-0.65
21,2,1,0.01,CRAWL,-0.29
21,2,2,5.56,RIGHT TURN,-1.2
21,2,3,7.05,FORWARD,-1.19
21,2,4,8.02,LEFT TURN,-1.12
21,2,5,9.51,CRAWL,-0.98
21,2,6,15.08,RIGHT TURN,-1.13
21,2,7,16.57,RIGHT TURN,-1.57
21,2,8,18.06,RIGHT WALK,-1.62
21,2,9,19.46,CRAWL,-1.75
21,2,10,25.03,FORWARD,-2.11
21,2,11,26.01,LEFT WALK,-1.69
21,2,12,27.4,RIGHT WALK,-1.23
21,2,13,28.83,CRAWL,-2.09
21,2,14,34.45,FORWARD,-2.2
21,2,15,35.45,RIGHT WALK,-1.59
21,2,16,36.86,FORWARD,-1.18
21,2,17,37.84,FORWARD,-1.06
21,2,18,38.82,FORWARD,-1.32
21,2,19,39.79,FORWARD,-1.01
21,2,20,40.74,CRAWL,-1.28
21,2,21,46.31,FORWARD,-0.67
21,2,22,47.29,LEFT TURN,-0.58
21,2,23,48.76,RIGHT WALK,-1.53
21,2,24,50.18,CRAWL,-0.96
21,2,25,55.75,FORWARD,-0.92
21,2,26,56.71,RIGHT TURN,-0.67
21,2,27,58.15,CRAWL,-0.45
21,2,28,63.72,RIGHT TURN,-0.69
21,2,29,65.12,RIGHT WALK,-0.05
21,2,30,66.53,FORWARD,-0.36
21,2,31,67.47,LEFT TURN,-0.24
21,2,32,68.91,RIGHT TURN,-0.72
21,2,33,70.37,FORWARD,-0.62
21,2,34,71.33,FORWARD,-1.28
21,2,35,72.3,LEFT TURN,-1.09
21,2,36,73.75,LEFT WALK,-0.72
21,2,37,75.16,LEFT WALK,-0.84
21,2,38,76.56,RIGHT WALK,-1.08
21,2,39,77.97,FORWARD,-0.48
21,2,40,78.95,CRAWL,-0.15
21,2,41,84.51,FORWARD,-0.05
21,2,42,85.46,FORWARD,-0.41
21,3,1,0.01,RIGHT TURN,-1.42
21,3,2,1.45,FORWARD,-1.01
21,3,3,2.41,FORWARD,-1.02
21,3,4,3.43,RIGHT WALK,-0.96
21,3,5,4.89,FORWARD,-1.22
21,3,6,5.87,LEFT WALK,-1.53
21,3,7,7.3,CRAWL,-1.34
21,3,8,12.87,RIGHT TURN,-0.84
21,3,9,14.29,CRAWL,-1.21
21,3,10,19.86,RIGHT TURN,-1.21
21,3,11,21.29,RIGHT TURN,-1.14
21,3,12,22.74,FORWARD,-0.2
21,3,13,23.7,FORWARD,-0.25
21,3,14,24.69,FORWARD,-0.13
21,3,15,25.68,RIGHT WALK,-0.05
21,3,16,27.08,FORWARD,-0.05
21,3,17,28.07,FORWARD,-0.05
21,3,18,29.06,FORWARD,-0.4
21,3,19,30.02,RIGHT TURN,-0.61
21,3,20,31.46,FORWARD,-1.0
21,3,21,32.45,RIGHT TURN,-0.52
21,3,22,33.9,FORWARD,-0.67
21,3,23,34.89,LEFT TURN,-0.85
21,3,24,36.37,RIGHT TURN,-1.12
21,3,25,37.84,RIGHT TURN,-1.25
21,3,26,39.28,CRAWL,-1.21
21,3,27,44.87,FORWARD,-1.56
21,3,28,45.8,CRAWL,-0.97
21,3,29,51.35,LEFT TURN,-0.95
21,3,30,52.8,FORWARD,-0.61
21,3,31,53.78,LEFT TURN,-0.33
21,3,32,55.23,FORWARD,-0.59
21,3,33,56.21,RIGHT WALK,-0.5
21,3,34,57.61,LEFT TURN,-0.53
21,3,35,59.06,RIGHT TURN,-0.72
21,3,36,60.53,FORWARD,-0.19
21,3,37,61.51,LEFT TURN,-0.21
21,3,38,62.97,RIGHT TURN,-0.33
22,1,1,0.01,LEFT TURN,-1.29
22,1,2,1.45,CRAWL,-0.79
22,1,3,7.04,LEFT TURN,-0.86
22,1,4,8.51,RIGHT TURN,-0.61
22,1,5,9.96,CRAWL,-1.0
22,1,6,15.54,FORWARD,-1.04
22,1,7,16.55,LEFT TURN,-1.15
22,1,8,17.99,LEFT WALK,-1.48
22,1,9,19.41,LEFT TURN,-1.42
22,1,10,20.86,RIGHT TURN,-0.92
22,1,11,22.3,FORWARD,-0.62
22,1,12,23.29,FORWARD,-0.13
22,1,13,24.25,RIGHT TURN,-0.22
22,1,14,25.72,CRAWL,-0.39
22,1,15,31.33,FORWARD,-0.98
22,1,16,32.32,FORWARD,-0.49
22,1,17,33.32,LEFT WALK,-0.07
22,1,18,34.73,LEFT WALK,-0.05
22,1,19,36.14,LEFT WALK,-0.05
22,1,20,37.54,FORWARD,-0.05
22,2,1,0.01,CRAWL,-0.48
22,2,2,5.62,FORWARD,-0.66
22,2,3,6.6,RIGHT TURN,-0.54
22,2,4,8.06,FORWARD,-0.39
22,2,5,9.02,LEFT WALK,-0.79
22,2,6,10.44,FORWARD,-0.45
22,2,7,11.44,FORWARD,-0.79
22,2,8,12.42,LEFT TURN,-0.19
22,2,9,13.88,FORWARD,-0.3
22,2,10,14.86,FORWARD,-0.48
22,2,11,15.87,FORWARD,-0.35
22,2,12,16.86,CRAWL,-1.34
22,2,13,22.44,RIGHT WALK,-0.96
22,2,14,23.85,FORWARD,-0.46
22,2,15,24.82,FORWARD,-0.16
22,2,16,25.78,RIGHT TURN,-0.05
22,2,17,27.21,LEFT TURN,-0.52
22,2,18,28.69,CRAWL,-0.11
22,2,19,34.26,FORWARD,-0.05
22,2,20,35.24,FORWARD,-0.05
22,2,21,36.19,FORWARD,-0.44
22,2,22,37.18,FORWARD,-0.51
22,2,23,38.17,RIGHT WALK,-0.05
22,2,24,39.57,FORWARD,-0.05
22,2,25,40.53,FORWARD,-0.4
22,2,26,41.51,LEFT TURN,-0.05
22,2,27,42.98,FORWARD,-0.05
22,2,28,43.95,FORWARD,-0.23
22,2,29,44.96,CRAWL,-0.19
22,2,30,50.53,FORWARD,-0.34
22,2,31,51.5,RIGHT TURN,-0.14
22,2,32,52.93,LEFT WALK,-0.35
22,2,33,54.31,FORWARD,-0.29
22,2,34,55.29,RIGHT WALK,-0.7
22,2,35,56.71,FORWARD,-0.17
22,2,36,57.66,FORWARD,-0.29
22,2,37,58.61,CRAWL,-0.39
22,2,38,64.17,LEFT TURN,-0.88
22,2,39,65.59,RIGHT WALK,-0.29
22,2,40,67.02,FORWARD,-0.53
22,2,41,68.02,LEFT WALK,-0.05
22,2,42,69.42,CRAWL,-0.22
22,3,1,0.01,FORWARD,-1.12
22,3,2,0.99,CRAWL,-0.8
22,3,3,6.57,LEFT WALK,-0.87
22,3,4,7.98,FORWARD,-0.44
22,3,5,8.95,FORWARD,-0.05
22,3,6,9.94,RIGHT TURN,-0.05
22,3,7,11.39,LEFT WALK,-0.25
22,3,8,12.79,LEFT TURN,-0.27
22,3,9,14.27,FORWARD,-0.21
22,3,10,15.28,FORWARD,-0.92
22,3,11,16.22,FORWARD,-0.88
22,3,12,17.18,FORWARD,-0.75
22,3,13,18.15,CRAWL,-0.05
22,3,14,23.75,RIGHT TURN,-0.05
22,3,15,25.19,RIGHT TURN,-0.05
22,3,16,26.64,CRAWL,-0.16
22,3,17,32.22,FORWARD,-0.36
23,1,1,0.01,LEFT WALK,-1.73
23,1,2,1.41,FORWARD,-1.31
23,1,3,2.38,RIGHT TURN,-0.94
23,1,4,3.84,LEFT TURN,-1.32
23,1,5,5.3,RIGHT TURN,-1.56
23,1,6,6.74,FORWARD,-1.95
23,1,7,7.7,FORWARD,-2.16
23,1,8,8.7,CRAWL,-2.15
23,1,9,14.27,FORWARD,-1.9
23,1,10,15.23,FORWARD,-1.55
23,1,11,16.21,FORWARD,-1.44
23,1,12,17.22,LEFT TURN,-1.07
23,1,13,18.7,RIGHT WALK,-0.98
23,1,14,20.15,LEFT TURN,-1.04
23,1,15,21.67,FORWARD,-0.86
23,1,16,22.63,LEFT WALK,-0.47
23,1,17,24.07,FORWARD,-0.68
23,1,18,25.05,LEFT TURN,-0.79
23,2,1,0.01,LEFT TURN,-1.63
23,2,2,1.49,LEFT TURN,-2.16
23,2,3,2.92,FORWARD,-2.76
23,2,4,3.89,LEFT WALK,-3.44
23,2,5,5.32,CRAWL,-3.33
23,2,6,10.89,RIGHT TURN,-3.71
23,2,7,12.35,RIGHT TURN,-3.03
23,2,8,13.85,FORWARD,-3.18
23,2,9,14.85,LEFT TURN,-3.7
23,2,10,16.28,RIGHT TURN,-4.07
23,2,11,17.71,CRAWL,-3.83
23,2,12,23.3,FORWARD,-4.11
23,2,13,24.28,FORWARD,-4.19
23,2,14,25.27,RIGHT WALK,-4.1
23,2,15,26.71,RIGHT TURN,-3.91
23,2,16,28.15,LEFT TURN,-4.46
23,2,17,29.6,LEFT TURN,-3.8
23,2,18,31.06,RIGHT TURN,-4.5
23,2,19,32.56,LEFT TURN,-4.5
23,2,20,34.0,CRAWL,-4.5
23,3,1,0.01,LEFT WALK,-1.04
23,3,2,1.44,CRAWL,-1.01
23,3,3,7.0,CRAWL,-0.82
23,3,4,12.59,LEFT WALK,-0.96
23,3,5,14.01,LEFT TURN,-0.49
23,3,6,15.44,FORWARD,-0.58
23,3,7,16.45,CRAWL,-0.68
23,3,8,22.03,CRAWL,-0.72
23,3,9,27.58,LEFT TURN,-0.38
23,3,10,29.07,LEFT TURN,-0.56
23,3,11,30.49,CRAWL,-0.35
23,3,12,36.04,FORWARD,-0.64
23,3,13,37.05,CRAWL,-0.42
23,3,14,42.63,LEFT WALK,-0.85
23,3,15,44.04,CRAWL,-0.73
23,3,16,49.63,RIGHT TURN,-1.09
23,3,17,51.12,LEFT TURN,-1.41
23,3,18,52.58,LEFT TURN,-1.01
23,3,19,54.02,FORWARD,-0.91
23,3,20,54.99,FORWARD,-0.94
23,3,21,55.94,FORWARD,-0.51
23,3,22,56.91,FORWARD,-0.61
23,3,23,57.9,LEFT TURN,-0.45
23,3,24,59.33,RIGHT WALK,-0.05
23,3,25,60.75,FORWARD,-0.16
23,3,26,61.71,CRAWL,-0.44
23,3,27,67.32,RIGHT TURN,-0.3
23,3,28,68.76,LEFT TURN,-0.34
23,3,29,70.2,FORWARD,-0.66
23,3,30,71.2,FORWARD,-0.85
23,3,31,72.2,CRAWL,-0.57
23,3,32,77.76,RIGHT TURN,-0.6
23,3,33,79.2,RIGHT WALK,-0.75
23,3,34,80.58,LEFT WALK,-0.69
23,3,35,82.0,CRAWL,-0.74
23,3,36,87.56,CRAWL,-0.75
23,3,37,93.14,RIGHT WALK,-0.83
23,3,38,94.56,FORWARD,-1.12
23,3,39,95.51,FORWARD,-0.5
23,3,40,96.51,LEFT WALK,-0.27
23,3,41,97.9,LEFT WALK,-0.54
23,3,42,99.33,LEFT TURN,-0.74
23,3,43,100.78,FORWARD,-0.51
24,1,1,0.01,RIGHT TURN,-1.58
24,1,2,1.44,LEFT TURN,-1.61
24,1,3,2.91,LEFT TURN,-1.84
24,1,4,4.34,RIGHT TURN,-1.18
24,1,5,5.79,RIGHT WALK,-0.7
24,1,6,7.19,RIGHT WALK,-0.85
24,1,7,8.64,LEFT TURN,-0.77
24,1,8,10.08,FORWARD,-0.74
24,1,9,11.08,FORWARD,-1.16
24,1,10,12.03,FORWARD,-0.62
24,1,11,13.0,FORWARD,-0.79
24,1,12,13.95,FORWARD,-0.84
24,1,13,14.91,RIGHT WALK,-1.11
24,1,14,16.32,FORWARD,-0.67
24,1,15,17.32,CRAWL,-0.83
24,1,16,22.9,CRAWL,-0.73
24,1,17,28.5,FORWARD,-0.34
24,1,18,29.43,CRAWL,-0.05
24,2,1,0.01,FORWARD,-0.37
24,2,2,0.96,FORWARD,-0.26
24,2,3,1.93,FORWARD,-0.16
24,2,4,2.89,RIGHT WALK,-0.07
24,2,5,4.27,FORWARD,-0.86
24,2,6,5.27,FORWARD,-0.06
24,2,7,6.25,FORWARD,-0.05
24,2,8,7.22,LEFT TURN,-0.05
24,2,9,8.66,CRAWL,-0.05
24,2,10,14.22,CRAWL,-0.33
24,2,11,19.79,FORWARD,-0.26
24,2,12,20.79,CRAWL,-0.34
24,2,13,26.36,LEFT TURN,-0.24
24,2,14,27.8,RIGHT WALK,-0.08
24,2,15,29.25,RIGHT TURN,-0.52
24,2,16,30.73,FORWARD,-0.57
24,2,17,31.69,RIGHT TURN,-0.74
24,2,18,33.13,FORWARD,-0.19
24,2,19,34.11,RIGHT TURN,-0.65
24,2,20,35.56,CRAWL,-0.33
24,2,21,41.14,LEFT TURN,-0.05
24,2,22,42.57,RIGHT TURN,-0.19
24,3,1,0.01,RIGHT WALK,-0.54
24,3,2,1.44,CRAWL,-0.05
24,3,3,6.99,RIGHT TURN,-0.05
24,3,4,8.42,FORWARD,-0.39
24,3,5,9.34,FORWARD,-0.62
24,3,6,10.28,LEFT WALK,-0.55
24,3,7,11.73,CRAWL,-0.17
24,3,8,17.34,FORWARD,-0.05
24,3,9,18.31,RIGHT WALK,-0.3
24,3,10,19.71,FORWARD,-0.39
24,3,11,20.68,LEFT TURN,-0.22
24,3,12,22.12,RIGHT TURN,-0.44
24,3,13,23.56,LEFT WALK,-0.39
24,3,14,24.99,RIGHT TURN,-0.44
24,3,15,26.44,LEFT TURN,-0.05
24,3,16,27.88,RIGHT WALK,-0.05
24,3,17,29.36,RIGHT TURN,-0.26
24,3,18,30.83,FORWARD,-0.26
24,3,19,31.79,LEFT WALK,-0.6
24,3,20,33.19,RIGHT TURN,-0.81
24,3,21,34.63,FORWARD,-0.35
24,3,22,35.64,FORWARD,-1.16
24,3,23,36.65,LEFT WALK,-1.28
24,3,24,38.09,FORWARD,-1.04
24,3,25,39.06,CRAWL,-0.6
24,3,26,44.61,FORWARD,-0.82
24,3,27,45.61,FORWARD,-1.28
24,3,28,46.63,FORWARD,-1.26
24,3,29,47.59,RIGHT TURN,-0.46
24,3,30,49.08,FORWARD,-0.53
24,3,31,50.05,CRAWL,-0.37
24,3,32,55.61,LEFT TURN,-0.18
24,3,33,57.09,RIGHT TURN,-0.05
24,3,34,58.54,RIGHT TURN,-0.6
24,3,35,60.04,LEFT TURN,-0.05
24,3,36,61.48,RIGHT WALK,-0.27
24,3,37,62.89,FORWARD,-0.48
24,3,38,63.87,LEFT WALK,-0.21
24,3,39,65.37,LEFT WALK,-0.12
24,3,40,66.78,LEFT WALK,-0.05
24,3,41,68.21,RIGHT TURN,-0.07
24,3,42,69.67,FORWARD,-0.05
24,3,43,70.66,FORWARD,-0.05
24,3,44,71.68,CRAWL,-0.05
25,1,1,0.01,FORWARD,-0.36
25,1,2,1.03,CRAWL,-0.29
25,1,3,6.63,CRAWL,-0.19
25,1,4,12.16,LEFT WALK,-0.52
25,1,5,13.58,LEFT WALK,-0.79
25,1,6,15.0,CRAWL,-0.96
25,1,7,20.59,RIGHT TURN,-1.11
25,1,8,22.06,LEFT WALK,-0.86
25,1,9,23.45,RIGHT TURN,-0.49
25,1,10,24.93,CRAWL,-0.47
25,1,11,30.51,FORWARD,-0.3
25,1,12,31.5,LEFT WALK,-0.65
25,1,13,32.93,FORWARD,-0.53
25,1,14,33.93,FORWARD,-1.0
25,1,15,34.9,RIGHT TURN,-1.52
25,2,1,0.01,FORWARD,-1.39
25,2,2,1.0,LEFT TURN,-1.35
25,2,3,2.46,FORWARD,-1.38
25,2,4,3.43,FORWARD,-1.03
25,2,5,4.4,FORWARD,-1.44
25,2,6,5.39,RIGHT TURN,-1.18
25,2,7,6.86,FORWARD,-0.85
25,2,8,7.88,LEFT WALK,-0.96
25,2,9,9.29,RIGHT TURN,-1.1
25,2,10,10.73,CRAWL,-1.36
25,2,11,16.32,LEFT WALK,-1.42
25,2,12,17.73,LEFT TURN,-0.84
25,2,13,19.22,FORWARD,-1.08
25,2,14,20.2,RIGHT TURN,-1.18
25,2,15,21.62,LEFT WALK,-1.7
25,2,16,23.04,LEFT WALK,-2.02
25,2,17,24.48,RIGHT WALK,-1.45
25,2,18,25.87,CRAWL,-1.0
25,2,19,31.47,LEFT WALK,-0.67
25,2,20,32.91,CRAWL,-0.29
25,2,21,38.49,LEFT TURN,-0.93
25,2,22,39.95,LEFT TURN,-0.1
25,2,23,41.41,CRAWL,-0.05
25,2,24,46.99,FORWARD,-0.23
25,2,25,47.95,FORWARD,-0.05
25,2,26,48.92,FORWARD,-0.05
25,2,27,49.92,LEFT TURN,-0.29
25,2,28,51.38,FORWARD,-0.05
25,2,29,52.34,FORWARD,-0.05
25,2,30,53.32,LEFT WALK,-0.26
25,2,31,54.78,CRAWL,-0.47
25,2,32,60.36,RIGHT WALK,-0.42
25,2,33,61.75,LEFT TURN,-0.74
25,2,34,63.22,FORWARD,-0.9
25,2,35,64.22,CRAWL,-0.33
25,2,36,69.74,RIGHT WALK,-0.78
25,2,37,71.16,LEFT TURN,-0.6
25,2,38,72.61,LEFT WALK,-0.3
25,3,1,0.01,LEFT TURN,-1.32
25,3,2,1.47,LEFT WALK,-1.11
25,3,3,2.89,FORWARD,-1.53
25,3,4,3.86,CRAWL,-1.23
25,3,5,9.45,LEFT WALK,-0.82
25,3,6,10.88,FORWARD,-0.14
25,3,7,11.85,FORWARD,-0.05
25,3,8,12.84,CRAWL,-0.11
25,3,9,18.41,RIGHT TURN,-0.39
25,3,10,19.87,FORWARD,-0.18
25,3,11,20.83,LEFT WALK,-0.05
25,3,12,22.24,FORWARD,-0.19
25,3,13,23.22,RIGHT WALK,-0.05
25,3,14,24.63,LEFT TURN,-0.05
25,3,15,26.06,CRAWL,-0.05
25,3,16,31.65,LEFT WALK,-0.05
25,3,17,33.06,FORWARD,-0.05
25,3,18,34.06,FORWARD,-0.05
25,3,19,35.01,FORWARD,-0.05
26,1,1,0.01,RIGHT WALK,-1.84
26,1,2,1.41,FORWARD,-2.11
26,1,3,2.38,LEFT WALK,-2.41
26,1,4,3.77,FORWARD,-3.07
26,1,5,4.75,FORWARD,-3.16
26,1,6,5.76,RIGHT TURN,-3.63
26,1,7,7.21,RIGHT TURN,-3.68
26,1,8,8.64,FORWARD,-3.47
26,1,9,9.62,LEFT WALK,-3.2
26,1,10,11.06,RIGHT WALK,-4.11
26,1,11,12.49,RIGHT TURN,-4.5
26,1,12,13.92,FORWARD,-4.39
26,1,13,14.91,FORWARD,-4.5
26,1,14,15.91,FORWARD,-4.5
26,1,15,16.88,CRAWL,-4.5
26,1,16,22.4,FORWARD,-4.5
26,1,17,23.42,FORWARD,-4.41
26,1,18,24.41,FORWARD,-4.5
26,1,19,25.42,LEFT WALK,-4.5
26,1,20,26.81,FORWARD,-4.5
26,2,1,0.01,RIGHT TURN,-1.01
26,2,2,1.47,RIGHT TURN,-0.27
26,2,3,2.91,CRAWL,-0.25
26,2,4,8.45,RIGHT TURN,-0.49
26,2,5,9.92,RIGHT TURN,-0.7
26,2,6,11.36,LEFT WALK,-0.05
26,2,7,12.77,RIGHT WALK,-0.29
26,2,8,14.2,FORWARD,-0.51
26,2,9,15.15,RIGHT WALK,-0.87
26,2,10,16.58,FORWARD,-0.43
26,2,11,17.54,RIGHT TURN,-0.22
26,2,12,18.98,FORWARD,-0.86
26,2,13,19.97,FORWARD,-0.95
26,2,14,20.97,RIGHT TURN,-0.93
26,2,15,22.43,LEFT WALK,-0.39
26,2,16,23.84,CRAWL,-0.83
26,2,17,29.42,FORWARD,-0.54
26,2,18,30.4,FORWARD,-0.5
26,2,19,31.32,RIGHT WALK,-0.09
26,2,20,32.74,FORWARD,-0.69
26,2,21,33.71,CRAWL,-1.03
26,2,22,39.34,LEFT TURN,-1.71
26,2,23,40.76,RIGHT WALK,-1.36
26,2,24,42.16,RIGHT WALK,-0.89
26,2,25,43.62,CRAWL,-0.88
26,2,26,49.22,RIGHT TURN,-0.4
26,2,27,50.68,LEFT WALK,-0.35
26,2,28,52.1,FORWARD,-0.67
26,2,29,53.1,RIGHT WALK,-0.65
26,3,1,0.01,FORWARD,-1.5
26,3,2,0.96,FORWARD,-1.57
26,3,3,1.91,RIGHT TURN,-1.68
26,3,4,3.35,FORWARD,-1.45
26,3,5,4.34,CRAWL,-1.19
26,3,6,9.91,FORWARD,-1.09
26,3,7,10.88,FORWARD,-1.07
26,3,8,11.85,FORWARD,-0.9
26,3,9,12.83,LEFT TURN,-0.62
26,3,10,14.26,CRAWL,-1.16
26,3,11,19.82,FORWARD,-0.91
26,3,12,20.82,LEFT WALK,-0.73
26,3,13,22.26,LEFT WALK,-0.68
26,3,14,23.69,RIGHT TURN,-0.32
26,3,15,25.11,FORWARD,-0.31
26,3,16,26.12,FORWARD,-0.23
26,3,17,27.11,LEFT WALK,-0.79
26,3,18,28.56,RIGHT TURN,-0.81
26,3,19,30.0,FORWARD,-1.0
26,3,20,30.95,LEFT WALK,-0.45
26,3,21,32.34,FORWARD,-0.25
26,3,22,33.33,FORWARD,-0.18
27,1,1,0.01,CRAWL,-0.85
27,1,2,5.62,LEFT TURN,-1.16
27,1,3,7.06,CRAWL,-1.37
27,1,4,12.65,LEFT WALK,-1.69
27,1,5,14.04,RIGHT WALK,-1.88
27,1,6,15.47,FORWARD,-1.37
27,1,7,16.42,RIGHT TURN,-0.44
27,1,8,17.86,FORWARD,-0.95
27,1,9,18.84,FORWARD,-0.23
27,1,10,19.84,FORWARD,-0.05
27,1,11,20.82,FORWARD,-0.11
27,1,12,21.79,FORWARD,-0.37
27,1,13,22.75,FORWARD,-0.8
27,1,14,23.74,LEFT WALK,-0.43
27,1,15,25.13,RIGHT TURN,-0.45
27,1,16,26.59,LEFT TURN,-0.12
27,1,17,28.06,FORWARD,-0.42
27,1,18,29.05,RIGHT TURN,-0.3
27,1,19,30.46,FORWARD,-0.05
27,1,20,31.45,FORWARD,-0.05
27,1,21,32.43,RIGHT WALK,-0.57
27,1,22,33.84,CRAWL,-0.86
27,1,23,39.37,FORWARD,-0.47
27,1,24,40.36,FORWARD,-0.05
27,1,25,41.31,LEFT WALK,-0.34
27,1,26,42.72,FORWARD,-0.18
27,1,27,43.71,LEFT TURN,-0.1
27,1,28,45.18,RIGHT TURN,-0.05
27,1,29,46.64,LEFT WALK,-0.05
27,1,30,48.06,LEFT TURN,-0.44
27,1,31,49.5,FORWARD,-0.51
27,1,32,50.49,RIGHT WALK,-0.35
27,1,33,51.91,LEFT TURN,-0.14
27,2,1,0.01,LEFT WALK,-1.6
27,2,2,1.43,LEFT WALK,-1.72
27,2,3,2.87,RIGHT TURN,-1.51
27,2,4,4.32,RIGHT TURN,-1.28
27,2,5,5.75,FORWARD,-1.35
27,2,6,6.72,FORWARD,-0.73
27,2,7,7.72,LEFT WALK,-0.49
27,2,8,9.13,LEFT WALK,-0.72
27,2,9,10.57,RIGHT WALK,-0.51
27,2,10,12.01,LEFT TURN,-0.76
27,2,11,13.44,CRAWL,-0.79
27,2,12,18.99,CRAWL,-0.68
27,2,13,24.57,LEFT TURN,-0.85
27,2,14,26.01,FORWARD,-0.67
27,2,15,27.01,CRAWL,-0.62
27,2,16,32.57,RIGHT WALK,-1.37
27,2,17,33.99,FORWARD,-0.41
27,2,18,34.95,RIGHT WALK,-1.08
27,2,19,36.35,RIGHT TURN,-1.01
27,2,20,37.81,LEFT TURN,-0.9
27,2,21,39.25,LEFT TURN,-0.53
27,2,22,40.68,FORWARD,-0.51
27,2,23,41.65,FORWARD,-1.05
27,2,24,42.64,RIGHT WALK,-0.63
27,2,25,44.06,LEFT TURN,-0.45
27,3,1,0.01,OMNI,-1.67
27,3,2,6.85,OMNI,-1.32
27,3,3,13.67,OMNI,-0.97
27,3,4,20.51,OMNI,-0.74
27,3,5,27.37,OMNI,-0.6
27,3,6,34.26,OMNI,-0.43
27,3,7,41.11,OMNI,-0.4
27,3,8,47.95,OMNI,-0.5
27,3,9,54.79,OMNI,-0.52
27,3,10,61.61,OMNI,-0.39
27,3,11,68.43,OMNI,-0.41
27,3,12,75.26,OMNI,-0.45
27,3,13,82.1,OMNI,-0.33
27,3,14,88.96,OMNI,-0.39
27,3,15,95.81,OMNI,-0.42
27,3,16,102.67,OMNI,-0.4
27,3,17,109.56,OMNI,-0.33
27,3,18,116.4,OMNI,-0.16
27,3,19,123.27,OMNI,-0.26
27,3,20,130.11,OMNI,-0.15
27,3,21,136.93,OMNI,-0.05
27,3,22,143.78,OMNI,-0.12
27,3,23,150.64,OMNI,-0.05
27,3,24,157.46,OMNI,-0.27
27,3,25,164.31,OMNI,-0.23
27,3,26,171.2,OMNI,-0.22
27,3,27,178.06,OMNI,-0.13
27,3,28,184.91,OMNI,-0.21
27,3,29,191.76,OMNI,-0.32
27,3,30,198.6,OMNI,-0.3
27,3,31,205.47,OMNI,-0.38
27,3,32,212.33,OMNI,-0.27
27,3,33,219.2,OMNI,-0.3
27,3,34,226.07,OMNI,-0.21
27,3,35,232.92,OMNI,-0.27
27,3,36,239.73,OMNI,-0.44
27,3,37,246.58,OMNI,-0.49
27,3,38,253.39,OMNI,-0.53
27,3,39,260.23,OMNI,-0.57
27,3,40,267.09,OMNI,-0.48
27,3,41,273.95,OMNI,-0.34
27,3,42,280.77,OMNI,-0.36
27,3,43,287.61,OMNI,-0.4
27,3,44,294.44,OMNI,-0.42
27,3,45,301.27,OMNI,-0.32
27,3,46,308.09,OMNI,-0.28
27,3,47,314.93,OMNI,-0.27
27,3,48,321.78,OMNI,-0.12
27,3,49,328.64,OMNI,-0.17
27,3,50,335.47,OMNI,-0.11
27,3,51,342.34,OMNI,-0.2
27,3,52,349.19,OMNI,-0.28
27,3,53,356.06,OMNI,-0.21
27,3,54,362.89,OMNI,-0.3
27,3,55,369.75,OMNI,-0.29
27,3,56,376.6,OMNI,-0.34
27,3,57,383.48,OMNI,-0.41
27,3,58,390.32,OMNI,-0.27
27,3,59,397.18,OMNI,-0.2
27,3,60,404.01,OMNI,-0.1
27,3,61,410.84,OMNI,-0.28
27,3,62,417.69,OMNI,-0.09
27,3,63,424.55,OMNI,-0.1
27,3,64,431.39,OMNI,-0.11
27,3,65,438.23,OMNI,-0.27
27,3,66,445.07,OMNI,-0.28
27,3,67,451.94,OMNI,-0.28
27,3,68,458.77,OMNI,-0.24
27,3,69,465.63,OMNI,-0.39
27,3,70,472.46,OMNI,-0.33
27,3,71,479.3,OMNI,-0.34
27,3,72,486.17,OMNI,-0.46
27,3,73,493.0,OMNI,-0.41
27,3,74,499.85,OMNI,-0.49
27,3,75,506.69,OMNI,-0.49
27,3,76,513.59,OMNI,-0.52
27,3,77,520.46,OMNI,-0.37
27,3,78,527.33,OMNI,-0.19
27,3,79,534.15,OMNI,-0.13
27,3,80,540.99,OMNI,-0.32
27,3,81,547.83,OMNI,-0.29
27,3,82,554.69,OMNI,-0.27
27,3,83,561.55,OMNI,-0.18
27,3,84,568.38,OMNI,-0.23
27,3,85,575.24,OMNI,-0.27
27,3,86,582.11,OMNI,-0.29
27,3,87,588.95,OMNI,-0.17
27,3,88,595.82,OMNI,-0.21
27,3,89,602.69,OMNI,-0.23
27,3,90,609.55,OMNI,-0.2
27,3,91,616.37,OMNI,-0.14
27,3,92,623.22,OMNI,-0.06
27,3,93,630.06,OMNI,-0.11
27,3,94,636.89,OMNI,-0.13
27,3,95,643.75,OMNI,-0.12
27,3,96,650.59,OMNI,-0.14
27,3,97,657.45,OMNI,-0.23
27,3,98,664.25,OMNI,-0.26
27,3,99,671.11,OMNI,-0.34
27,3,100,677.99,OMNI,-0.28
27,3,101,684.85,OMNI,-0.42
27,3,102,691.69,OMNI,-0.46
27,3,103,698.53,OMNI,-0.37
27,3,104,705.35,OMNI,-0.34
27,3,105,712.19,OMNI,-0.34
27,3,106,718.99,OMNI,-0.34
27,3,107,725.86,OMNI,-0.28
27,3,108,732.71,OMNI,-0.25
27,3,109,739.57,OMNI,-0.24
27,3,110,746.44,OMNI,-0.3
27,3,111,753.29,OMNI,-0.23
27,3,112,760.15,OMNI,-0.3
27,3,113,767.0,OMNI,-0.24
27,3,114,773.87,OMNI,-0.35
27,3,115,780.71,OMNI,-0.31
27,3,116,787.57,OMNI,-0.26
27,3,117,794.4,OMNI,-0.38
27,3,118,801.26,OMNI,-0.42
27,3,119,808.11,OMNI,-0.42
27,3,120,814.99,OMNI,-0.44
27,3,121,821.82,OMNI,-0.41
27,3,122,828.68,OMNI,-0.28
27,3,123,835.5,OMNI,-0.29
27,3,124,842.36,OMNI,-0.16
27,3,125,849.22,OMNI,-0.19
27,3,126,856.08,OMNI,-0.1
27,3,127,862.93,OMNI,-0.35
27,3,128,869.77,OMNI,-0.31
27,3,129,876.62,OMNI,-0.38
27,3,130,883.48,OMNI,-0.41
27,3,131,890.29,OMNI,-0.36
27,3,132,897.15,OMNI,-0.4
27,3,133,903.99,OMNI,-0.29
27,3,134,910.81,OMNI,-0.35
27,3,135,917.66,OMNI,-0.24
27,3,136,924.5,OMNI,-0.46
27,3,137,931.37,OMNI,-0.31
27,3,138,938.19,OMNI,-0.36
27,3,139,945.04,OMNI,-0.16
27,3,140,951.88,OMNI,-0.12
27,3,141,958.75,OMNI,-0.21
27,3,142,965.59,OMNI,-0.3
27,3,143,972.45,OMNI,-0.34
27,3,144,979.32,OMNI,-0.37
27,3,145,986.14,OMNI,-0.28
27,3,146,992.97,OMNI,-0.43
27,3,147,999.83,OMNI,-0.43
27,3,148,1006.66,OMNI,-0.23
27,3,149,1013.54,OMNI,-0.37
27,3,150,1020.39,OMNI,-0.46
27,3,151,1027.23,OMNI,-0.34
27,3,152,1034.08,OMNI,-0.35
27,3,153,1040.94,OMNI,-0.34
27,3,154,1047.81,OMNI,-0.42
27,3,155,1054.64,OMNI,-0.46
27,3,156,1061.51,OMNI,-0.44
27,3,157,1068.35,OMNI,-0.47
27,3,158,1075.22,OMNI,-0.54
27,3,159,1082.05,OMNI,-0.42
27,3,160,1088.87,OMNI,-0.31
27,3,161,1095.71,OMNI,-0.28
28,1,1,0.01,OMNI,-0.5
28,1,2,6.83,OMNI,-0.55
28,1,3,13.69,OMNI,-0.66
28,1,4,20.53,OMNI,-0.67
28,1,5,27.39,OMNI,-0.56
28,1,6,34.25,OMNI,-0.5
28,1,7,41.09,OMNI,-0.45
28,1,8,47.93,OMNI,-0.5
28,1,9,54.76,OMNI,-0.44
28,1,10,61.57,OMNI,-0.48
28,1,11,68.42,OMNI,-0.45
28,1,12,75.26,OMNI,-0.47
28,1,13,82.07,OMNI,-0.42
28,1,14,88.96,OMNI,-0.46
28,1,15,95.8,OMNI,-0.45
28,1,16,102.67,OMNI,-0.47
28,1,17,109.51,OMNI,-0.52
28,1,18,116.36,OMNI,-0.56
28,1,19,123.24,OMNI,-0.54
28,1,20,130.08,OMNI,-0.57
28,1,21,136.95,OMNI,-0.62
28,1,22,143.81,OMNI,-0.6
28,1,23,150.65,OMNI,-0.62
28,1,24,157.49,OMNI,-0.75
28,1,25,164.33,OMNI,-0.62
28,1,26,171.22,OMNI,-0.62
28,1,27,178.04,OMNI,-0.76
28,1,28,184.92,OMNI,-0.74
28,1,29,191.75,OMNI,-0.62
28,1,30,198.61,OMNI,-0.67
28,1,31,205.43,OMNI,-0.59
28,1,32,212.24,OMNI,-0.59
28,1,33,219.12,OMNI,-0.65
28,1,34,226.02,OMNI,-0.68
28,1,35,232.86,OMNI,-0.56
28,1,36,239.69,OMNI,-0.56
28,1,37,246.55,OMNI,-0.56
28,1,38,253.4,OMNI,-0.57
28,1,39,260.27,OMNI,-0.54
28,1,40,267.12,OMNI,-0.64
28,1,41,273.92,OMNI,-0.58
28,1,42,280.75,OMNI,-0.59
28,1,43,287.6,OMNI,-0.56
28,1,44,294.45,OMNI,-0.56
28,1,45,301.28,OMNI,-0.54
28,1,46,308.16,OMNI,-0.49
28,1,47,315.05,OMNI,-0.5
28,1,48,321.91,OMNI,-0.4
28,1,49,328.74,OMNI,-0.49
28,1,50,335.59,OMNI,-0.54
28,1,51,342.48,OMNI,-0.66
28,1,52,349.31,OMNI,-0.71
28,1,53,356.15,OMNI,-0.69
28,1,54,363.04,OMNI,-0.71
28,1,55,369.89,OMNI,-0.63
28,1,56,376.76,OMNI,-0.62
28,1,57,383.6,OMNI,-0.62
28,1,58,390.45,OMNI,-0.52
28,1,59,397.31,OMNI,-0.56
28,1,60,404.15,OMNI,-0.58
28,1,61,410.99,OMNI,-0.59
28,1,62,417.85,OMNI,-0.59
28,1,63,424.68,OMNI,-0.57
28,1,64,431.54,OMNI,-0.6
28,1,65,438.39,OMNI,-0.61
28,1,66,445.21,OMNI,-0.61
28,1,67,452.05,OMNI,-0.56
28,1,68,458.93,OMNI,-0.58
28,1,69,465.79,OMNI,-0.5
28,1,70,472.67,OMNI,-0.56
28,1,71,479.52,OMNI,-0.63
28,1,72,486.38,OMNI,-0.63
28,1,73,493.25,OMNI,-0.63
28,1,74,500.11,OMNI,-0.66
28,1,75,506.93,OMNI,-0.59
28,1,76,513.8,OMNI,-0.58
28,1,77,520.66,OMNI,-0.64
28,1,78,527.49,OMNI,-0.58
28,1,79,534.35,OMNI,-0.56
28,1,80,541.19,OMNI,-0.6
28,1,81,548.03,OMNI,-0.64
28,1,82,554.91,OMNI,-0.63
28,1,83,561.77,OMNI,-0.48
28,1,84,568.6,OMNI,-0.39
28,1,85,575.45,OMNI,-0.35
28,1,86,582.34,OMNI,-0.4
28,1,87,589.17,OMNI,-0.48
28,1,88,596.05,OMNI,-0.59
28,1,89,602.85,OMNI,-0.64
28,1,90,609.7,OMNI,-0.68
28,1,91,616.57,OMNI,-0.67
28,1,92,623.44,OMNI,-0.69
28,1,93,630.27,OMNI,-0.66
28,1,94,637.12,OMNI,-0.63
28,1,95,643.94,OMNI,-0.62
28,1,96,650.79,OMNI,-0.61
28,1,97,657.63,OMNI,-0.62
28,1,98,664.52,OMNI,-0.65
28,1,99,671.38,OMNI,-0.61
28,1,100,678.25,OMNI,-0.63
28,1,101,685.09,OMNI,-0.57
28,1,102,691.92,OMNI,-0.53
28,1,103,698.76,OMNI,-0.56
28,1,104,705.62,OMNI,-0.49
28,1,105,712.48,OMNI,-0.56
28,1,106,719.33,OMNI,-0.53
28,1,107,726.18,OMNI,-0.55
28,1,108,733.05,OMNI,-0.51
28,1,109,739.89,OMNI,-0.55
28,1,110,746.74,OMNI,-0.54
28,1,111,753.62,OMNI,-0.66
28,1,112,760.45,OMNI,-0.62
28,1,113,767.29,OMNI,-0.65
28,1,114,774.13,OMNI,-0.67
28,1,115,781.01,OMNI,-0.68
28,1,116,787.85,OMNI,-0.65
28,1,117,794.74,OMNI,-0.72
28,1,118,801.59,OMNI,-0.67
28,1,119,808.46,OMNI,-0.55
28,1,120,815.32,OMNI,-0.56
28,1,121,822.17,OMNI,-0.57
28,1,122,829.04,OMNI,-0.53
28,1,123,835.88,OMNI,-0.53
28,1,124,842.73,OMNI,-0.57
28,1,125,849.6,OMNI,-0.51
28,1,126,856.46,OMNI,-0.51
28,1,127,863.35,OMNI,-0.41
28,1,128,870.23,OMNI,-0.45
28,1,129,877.08,OMNI,-0.52
28,1,130,883.96,OMNI,-0.55
28,1,131,890.8,OMNI,-0.53
28,1,132,897.66,OMNI,-0.46
28,1,133,904.52,OMNI,-0.48
28,1,134,911.38,OMNI,-0.49
28,1,135,918.25,OMNI,-0.5
28,1,136,925.08,OMNI,-0.6
28,1,137,931.93,OMNI,-0.55
28,1,138,938.78,OMNI,-0.48
28,1,139,945.63,OMNI,-0.43
28,1,140,952.47,OMNI,-0.48
28,1,141,959.33,OMNI,-0.55
28,1,142,966.17,OMNI,-0.41
28,1,143,973.03,OMNI,-0.4
28,1,144,979.9,OMNI,-0.45
28,1,145,986.73,OMNI,-0.55
28,1,146,993.59,OMNI,-0.59
28,1,147,1000.43,OMNI,-0.62
28,1,148,1007.29,OMNI,-0.52
28,1,149,1014.16,OMNI,-0.5
28,1,150,1021.04,OMNI,-0.5
28,1,151,1027.9,OMNI,-0.39
28,1,152,1034.75,OMNI,-0.57
28,1,153,1041.59,OMNI,-0.69
28,1,154,1048.45,OMNI,-0.75
28,1,155,1055.28,OMNI,-0.66
28,1,156,1062.11,OMNI,-0.76
28,1,157,1068.94,OMNI,-0.66
28,1,158,1075.79,OMNI,-0.76
28,1,159,1082.64,OMNI,-0.8
28,1,160,1089.47,OMNI,-0.67
28,1,161,1096.34,OMNI,-0.58
28,1,162,1103.2,OMNI,-0.53
28,1,163,1110.08,OMNI,-0.43
28,1,164,1116.91,OMNI,-0.51
28,1,165,1123.78,OMNI,-0.53
28,1,166,1130.64,OMNI,-0.42
28,1,167,1137.47,OMNI,-0.49
28,1,168,1144.31,OMNI,-0.56
28,1,169,1151.16,OMNI,-0.59
28,1,170,1158.05,OMNI,-0.63
28,1,171,1164.88,OMNI,-0.59
28,1,172,1171.72,OMNI,-0.6
28,1,173,1178.57,OMNI,-0.72
28,1,174,1185.46,OMNI,-0.68
28,1,175,1192.3,OMNI,-0.68
28,1,176,1199.13,OMNI,-0.61
28,1,177,1205.95,OMNI,-0.59
28,1,178,1212.8,OMNI,-0.57
28,1,179,1219.64,OMNI,-0.54
28,1,180,1226.52,OMNI,-0.56
28,1,181,1233.34,OMNI,-0.53
28,1,182,1240.19,OMNI,-0.53
28,1,183,1247.07,OMNI,-0.64
28,1,184,1253.95,OMNI,-0.68
28,1,185,1260.8,OMNI,-0.69
28,1,186,1267.66,OMNI,-0.7
28,1,187,1274.51,OMNI,-0.69
28,1,188,1281.34,OMNI,-0.67
28,1,189,1288.15,OMNI,-0.74
28,1,190,1295.01,OMNI,-0.81
28,1,191,1301.87,OMNI,-0.79
28,1,192,1308.69,OMNI,-0.69
28,1,193,1315.51,OMNI,-0.63
28,1,194,1322.36,OMNI,-0.7
28,1,195,1329.2,OMNI,-0.69
28,1,196,1336.05,OMNI,-0.58
28,1,197,1342.88,OMNI,-0.54
28,1,198,1349.72,OMNI,-0.61
28,1,199,1356.59,OMNI,-0.63
28,1,200,1363.44,OMNI,-0.6
28,1,201,1370.26,OMNI,-0.62
28,1,202,1377.12,OMNI,-0.58
28,1,203,1383.99,OMNI,-0.59
28,1,204,1390.85,OMNI,-0.57
28,1,205,1397.66,OMNI,-0.59
28,1,206,1404.49,OMNI,-0.59
28,1,207,1411.35,OMNI,-0.57
28,1,208,1418.21,OMNI,-0.56
28,1,209,1425.04,OMNI,-0.57
28,1,210,1431.88,OMNI,-0.57
28,1,211,1438.74,OMNI,-0.5
28,1,212,1445.61,OMNI,-0.62
28,1,213,1452.43,OMNI,-0.62
28,1,214,1459.25,OMNI,-0.58
28,1,215,1466.05,OMNI,-0.49
28,1,216,1472.91,OMNI,-0.52
28,1,217,1479.76,OMNI,-0.64
28,1,218,1486.61,OMNI,-0.64
28,1,219,1493.49,OMNI,-0.65
28,1,220,1500.37,OMNI,-0.66
28,1,221,1507.18,OMNI,-0.62
28,1,222,1514.02,OMNI,-0.5
28,1,223,1520.83,OMNI,-0.52
28,1,224,1527.68,OMNI,-0.64
28,1,225,1534.53,OMNI,-0.6
28,1,226,1541.38,OMNI,-0.61
28,1,227,1548.21,OMNI,-0.54
28,1,228,1555.07,OMNI,-0.49
28,1,229,1561.93,OMNI,-0.54
28,1,230,1568.76,OMNI,-0.59
28,1,231,1575.6,OMNI,-0.58
28,2,1,0.01,OMNI,-0.26
28,2,2,6.87,OMNI,-0.26
28,2,3,13.7,OMNI,-0.18
28,2,4,20.55,OMNI,-0.25
28,2,5,27.41,OMNI,-0.25
28,2,6,34.22,OMNI,-0.13
28,2,7,41.1,OMNI,-0.16
28,2,8,47.96,OMNI,-0.15
28,2,9,54.82,OMNI,-0.15
28,2,10,61.69,OMNI,-0.17
28,2,11,68.51,OMNI,-0.3
28,2,12,75.33,OMNI,-0.23
28,2,13,82.18,OMNI,-0.25
28,2,14,89.02,OMNI,-0.25
28,2,15,95.87,OMNI,-0.25
28,2,16,102.71,OMNI,-0.28
28,2,17,109.58,OMNI,-0.28
28,2,18,116.47,OMNI,-0.24
28,2,19,123.31,OMNI,-0.18
28,2,20,130.16,OMNI,-0.23
28,2,21,137.04,OMNI,-0.14
28,2,22,143.88,OMNI,-0.09
28,2,23,150.74,OMNI,-0.12
28,2,24,157.57,OMNI,-0.16
28,2,25,164.43,OMNI,-0.23
28,2,26,171.27,OMNI,-0.23
28,2,27,178.13,OMNI,-0.24
28,2,28,184.92,OMNI,-0.17
28,2,29,191.79,OMNI,-0.18
28,2,30,198.64,OMNI,-0.17
28,2,31,205.49,OMNI,-0.3
28,2,32,212.35,OMNI,-0.21
28,2,33,219.21,OMNI,-0.17
28,2,34,226.05,OMNI,-0.18
28,2,35,232.87,OMNI,-0.22
28,2,36,239.75,OMNI,-0.18
28,2,37,246.58,OMNI,-0.09
28,2,38,253.41,OMNI,-0.15
28,2,39,260.27,OMNI,-0.25
28,2,40,267.09,OMNI,-0.18
28,2,41,273.94,OMNI,-0.15
28,2,42,280.77,OMNI,-0.16
28,2,43,287.59,OMNI,-0.08
28,2,44,294.43,OMNI,-0.13
28,2,45,301.27,OMNI,-0.11
28,2,46,308.15,OMNI,-0.06
28,2,47,314.99,OMNI,-0.08
28,2,48,321.87,OMNI,-0.07
28,2,49,328.72,OMNI,-0.05
28,2,50,335.57,OMNI,-0.1
28,2,51,342.42,OMNI,-0.15
28,2,52,349.28,OMNI,-0.13
28,2,53,356.14,OMNI,-0.24
28,2,54,363.02,OMNI,-0.23
28,2,55,369.82,OMNI,-0.15
28,2,56,376.68,OMNI,-0.17
28,2,57,383.52,OMNI,-0.26
28,2,58,390.36,OMNI,-0.26
28,2,59,397.23,OMNI,-0.17
28,2,60,404.07,OMNI,-0.07
28,2,61,410.91,OMNI,-0.05
28,2,62,417.79,OMNI,-0.07
28,2,63,424.66,OMNI,-0.05
28,2,64,431.55,OMNI,-0.07
28,2,65,438.36,OMNI,-0.07
28,2,66,445.23,OMNI,-0.08
28,2,67,452.08,OMNI,-0.14
28,2,68,458.92,OMNI,-0.17
28,2,69,465.79,OMNI,-0.2
28,2,70,472.62,OMNI,-0.11
28,2,71,479.45,OMNI,-0.08
28,2,72,486.27,OMNI,-0.18
28,2,73,493.11,OMNI,-0.28
28,2,74,499.96,OMNI,-0.24
28,2,75,506.8,OMNI,-0.25
28,2,76,513.64,OMNI,-0.33
28,2,77,520.48,OMNI,-0.35
28,2,78,527.39,OMNI,-0.32
28,2,79,534.22,OMNI,-0.3
28,2,80,541.11,OMNI,-0.27
28,2,81,547.96,OMNI,-0.22
28,2,82,554.78,OMNI,-0.19
28,2,83,561.65,OMNI,-0.2
28,2,84,568.49,OMNI,-0.18
28,2,85,575.34,OMNI,-0.19
28,2,86,582.17,OMNI,-0.23
28,2,87,589.02,OMNI,-0.19
28,2,88,595.89,OMNI,-0.27
28,2,89,602.72,OMNI,-0.39
28,2,90,609.56,OMNI,-0.29
28,2,91,616.42,OMNI,-0.17
28,2,92,623.28,OMNI,-0.2
28,2,93,630.12,OMNI,-0.18
28,2,94,636.95,OMNI,-0.22
28,2,95,643.8,OMNI,-0.21
28,2,96,650.67,OMNI,-0.2
28,2,97,657.55,OMNI,-0.25
28,2,98,664.43,OMNI,-0.31
28,2,99,671.29,OMNI,-0.26
28,2,100,678.12,OMNI,-0.22
28,2,101,684.95,OMNI,-0.24
28,2,102,691.77,OMNI,-0.23
28,2,103,698.64,OMNI,-0.35
28,2,104,705.5,OMNI,-0.34
28,2,105,712.38,OMNI,-0.38
28,2,106,719.22,OMNI,-0.31
28,2,107,726.07,OMNI,-0.25
28,2,108,732.91,OMNI,-0.17
28,2,109,739.74,OMNI,-0.15
28,2,110,746.59,OMNI,-0.17
28,2,111,753.4,OMNI,-0.13
28,2,112,760.27,OMNI,-0.17
28,2,113,767.11,OMNI,-0.13
28,2,114,773.96,OMNI,-0.18
28,2,115,780.78,OMNI,-0.34
28,2,116,787.67,OMNI,-0.25
28,2,117,794.51,OMNI,-0.26
28,2,118,801.39,OMNI,-0.16
28,2,119,808.27,OMNI,-0.11
28,2,120,815.14,OMNI,-0.18
28,2,121,821.99,OMNI,-0.16
28,2,122,828.84,OMNI,-0.14
28,2,123,835.69,OMNI,-0.1
28,2,124,842.57,OMNI,-0.17
28,2,125,849.43,OMNI,-0.22
28,2,126,856.27,OMNI,-0.22
28,2,127,863.11,OMNI,-0.21
28,2,128,869.97,OMNI,-0.2
28,2,129,876.82,OMNI,-0.22
28,2,130,883.7,OMNI,-0.17
28,2,131,890.56,OMNI,-0.16
28,2,132,897.43,OMNI,-0.16
28,2,133,904.27,OMNI,-0.17
28,2,134,911.11,OMNI,-0.06
28,2,135,918.0,OMNI,-0.1
28,2,136,924.87,OMNI,-0.2
28,2,137,931.77,OMNI,-0.26
28,2,138,938.6,OMNI,-0.15
28,2,139,945.45,OMNI,-0.18
28,2,140,952.33,OMNI,-0.22
28,2,141,959.16,OMNI,-0.24
28,2,142,966.01,OMNI,-0.28
28,2,143,972.82,OMNI,-0.23
28,2,144,979.67,OMNI,-0.19
28,2,145,986.52,OMNI,-0.15
28,2,146,993.35,OMNI,-0.19
28,2,147,1000.17,OMNI,-0.27
28,2,148,1006.99,OMNI,-0.2
28,2,149,1013.82,OMNI,-0.2
28,2,150,1020.67,OMNI,-0.19
28,2,151,1027.48,OMNI,-0.24
28,2,152,1034.34,OMNI,-0.36
28,2,153,1041.16,OMNI,-0.46
28,2,154,1048.0,OMNI,-0.29
28,2,155,1054.84,OMNI,-0.39
28,2,156,1061.65,OMNI,-0.28
28,2,157,1068.49,OMNI,-0.16
28,2,158,1075.32,OMNI,-0.08
28,2,159,1082.19,OMNI,-0.07
28,2,160,1089.03,OMNI,-0.05
28,2,161,1095.88,OMNI,-0.13
28,2,162,1102.69,OMNI,-0.14
28,2,163,1109.53,OMNI,-0.27
28,2,164,1116.37,OMNI,-0.21
28,2,165,1123.24,OMNI,-0.3
28,2,166,1130.1,OMNI,-0.27
28,2,167,1136.95,OMNI,-0.26
28,2,168,1143.78,OMNI,-0.19
28,2,169,1150.61,OMNI,-0.28
28,2,170,1157.51,OMNI,-0.32
28,2,171,1164.35,OMNI,-0.39
28,2,172,1171.18,OMNI,-0.42
28,2,173,1178.02,OMNI,-0.34
28,2,174,1184.87,OMNI,-0.28
28,2,175,1191.73,OMNI,-0.29
28,2,176,1198.58,OMNI,-0.21
28,2,177,1205.42,OMNI,-0.17
28,2,178,1212.21,OMNI,-0.14
28,2,179,1219.07,OMNI,-0.17
28,2,180,1225.9,OMNI,-0.21
28,2,181,1232.75,OMNI,-0.21
28,2,182,1239.58,OMNI,-0.3
28,2,183,1246.44,OMNI,-0.35
28,2,184,1253.28,OMNI,-0.36
28,2,185,1260.13,OMNI,-0.28
28,2,186,1266.96,OMNI,-0.21
28,2,187,1273.81,OMNI,-0.26
28,2,188,1280.68,OMNI,-0.15
28,2,189,1287.55,OMNI,-0.15
28,2,190,1294.41,OMNI,-0.13
28,2,191,1301.29,OMNI,-0.18
28,2,192,1308.13,OMNI,-0.16
28,2,193,1315.01,OMNI,-0.2
28,2,194,1321.86,OMNI,-0.13
28,2,195,1328.7,OMNI,-0.24
28,2,196,1335.57,OMNI,-0.21
28,2,197,1342.43,OMNI,-0.28
28,2,198,1349.29,OMNI,-0.22
28,2,199,1356.15,OMNI,-0.19
28,2,200,1363.01,OMNI,-0.17
28,2,201,1369.83,OMNI,-0.09
28,2,202,1376.65,OMNI,-0.05
28,2,203,1383.48,OMNI,-0.09
28,2,204,1390.35,OMNI,-0.14
28,2,205,1397.22,OMNI,-0.3
28,2,206,1404.04,OMNI,-0.09
28,2,207,1410.88,OMNI,-0.07
28,2,208,1417.73,OMNI,-0.12
28,2,209,1424.57,OMNI,-0.25
28,2,210,1431.42,OMNI,-0.13
28,2,211,1438.28,OMNI,-0.14
28,2,212,1445.13,OMNI,-0.23
28,2,213,1451.97,OMNI,-0.37
28,2,214,1458.86,OMNI,-0.28
28,2,215,1465.7,OMNI,-0.22
28,2,216,1472.58,OMNI,-0.19
28,2,217,1479.45,OMNI,-0.27
28,2,218,1486.29,OMNI,-0.25
28,2,219,1493.12,OMNI,-0.33
28,2,220,1499.96,OMNI,-0.25
28,2,221,1506.79,OMNI,-0.15
28,3,1,0.01,OMNI,-1.35
28,3,2,6.87,OMNI,-1.01
28,3,3,13.71,OMNI,-0.82
28,3,4,20.52,OMNI,-0.67
28,3,5,27.35,OMNI,-0.59
28,3,6,34.19,OMNI,-0.74
28,3,7,41.05,OMNI,-0.67
28,3,8,47.87,OMNI,-0.71
28,3,9,54.73,OMNI,-0.64
28,3,10,61.58,OMNI,-0.65
28,3,11,68.45,OMNI,-0.37
28,3,12,75.27,OMNI,-0.21
28,3,13,82.11,OMNI,-0.2
28,3,14,88.94,OMNI,-0.26
28,3,15,95.79,OMNI,-0.32
28,3,16,102.65,OMNI,-0.36
28,3,17,109.5,OMNI,-0.42
28,3,18,116.33,OMNI,-0.47
28,3,19,123.17,OMNI,-0.58
28,3,20,130.01,OMNI,-0.57
28,3,21,136.85,OMNI,-0.31
28,3,22,143.65,OMNI,-0.26
28,3,23,150.49,OMNI,-0.35
28,3,24,157.33,OMNI,-0.28
28,3,25,164.16,OMNI,-0.26
28,3,26,170.98,OMNI,-0.27
28,3,27,177.85,OMNI,-0.29
28,3,28,184.71,OMNI,-0.37
28,3,29,191.56,OMNI,-0.45
28,3,30,198.43,OMNI,-0.37
28,3,31,205.28,OMNI,-0.41
28,3,32,212.14,OMNI,-0.51
28,3,33,218.99,OMNI,-0.41
28,3,34,225.85,OMNI,-0.35
28,3,35,232.7,OMNI,-0.32
28,3,36,239.55,OMNI,-0.47
28,3,37,246.41,OMNI,-0.33
28,3,38,253.26,OMNI,-0.38
28,3,39,260.13,OMNI,-0.49
28,3,40,266.96,OMNI,-0.29
28,3,41,273.81,OMNI,-0.39
28,3,42,280.65,OMNI,-0.41
28,3,43,287.49,OMNI,-0.44
28,3,44,294.32,OMNI,-0.61
28,3,45,301.17,OMNI,-0.68
28,3,46,308.0,OMNI,-0.62
28,3,47,314.87,OMNI,-0.48
28,3,48,321.74,OMNI,-0.33
28,3,49,328.57,OMNI,-0.3
28,3,50,335.43,OMNI,-0.37
28,3,51,342.29,OMNI,-0.41
28,3,52,349.15,OMNI,-0.41
28,3,53,356.02,OMNI,-0.54
28,3,54,362.87,OMNI,-0.52
28,3,55,369.68,OMNI,-0.56
28,3,56,376.54,OMNI,-0.51
28,3,57,383.38,OMNI,-0.47
28,3,58,390.24,OMNI,-0.48
28,3,59,397.1,OMNI,-0.48
28,3,60,403.96,OMNI,-0.44
28,3,61,410.81,OMNI,-0.55
28,3,62,417.64,OMNI,-0.45
28,3,63,424.48,OMNI,-0.32
28,3,64,431.33,OMNI,-0.35
28,3,65,438.21,OMNI,-0.29
28,3,66,445.06,OMNI,-0.27
28,3,67,451.93,OMNI,-0.25
28,3,68,458.76,OMNI,-0.33
28,3,69,465.63,OMNI,-0.33
28,3,70,472.47,OMNI,-0.37
28,3,71,479.37,OMNI,-0.33
28,3,72,486.21,OMNI,-0.41
28,3,73,493.05,OMNI,-0.22
28,3,74,499.93,OMNI,-0.31
28,3,75,506.8,OMNI,-0.26
28,3,76,513.66,OMNI,-0.27
28,3,77,520.51,OMNI,-0.31
28,3,78,527.37,OMNI,-0.34
28,3,79,534.19,OMNI,-0.31
28,3,80,541.01,OMNI,-0.31
28,3,81,547.85,OMNI,-0.24
28,3,82,554.72,OMNI,-0.31
28,3,83,561.58,OMNI,-0.34
28,3,84,568.44,OMNI,-0.34
28,3,85,575.3,OMNI,-0.47
28,3,86,582.14,OMNI,-0.35
28,3,87,588.96,OMNI,-0.39
28,3,88,595.8,OMNI,-0.3
28,3,89,602.64,OMNI,-0.32
28,3,90,609.45,OMNI,-0.39
28,3,91,616.33,OMNI,-0.41
28,3,92,623.16,OMNI,-0.36
28,3,93,630.01,OMNI,-0.46
28,3,94,636.86,OMNI,-0.34
28,3,95,643.71,OMNI,-0.38
28,3,96,650.57,OMNI,-0.42
28,3,97,657.42,OMNI,-0.37
28,3,98,664.3,OMNI,-0.37
28,3,99,671.17,OMNI,-0.3
28,3,100,678.04,OMNI,-0.29
28,3,101,684.86,OMNI,-0.35
28,3,102,691.71,OMNI,-0.37
28,3,103,698.5,OMNI,-0.41
28,3,104,705.36,OMNI,-0.41
28,3,105,712.21,OMNI,-0.41
28,3,106,719.04,OMNI,-0.28
28,3,107,725.9,OMNI,-0.29
28,3,108,732.77,OMNI,-0.4
28,3,109,739.64,OMNI,-0.4
28,3,110,746.49,OMNI,-0.43
28,3,111,753.34,OMNI,-0.38
28,3,112,760.18,OMNI,-0.45
28,3,113,766.99,OMNI,-0.33
28,3,114,773.84,OMNI,-0.35
28,3,115,780.69,OMNI,-0.38
28,3,116,787.55,OMNI,-0.33
28,3,117,794.39,OMNI,-0.41
28,3,118,801.26,OMNI,-0.46
28,3,119,808.1,OMNI,-0.45
28,3,120,814.94,OMNI,-0.66
28,3,121,821.8,OMNI,-0.64
28,3,122,828.64,OMNI,-0.55
28,3,123,835.49,OMNI,-0.46
28,3,124,842.32,OMNI,-0.45
28,3,125,849.17,OMNI,-0.44
28,3,126,856.0,OMNI,-0.4
28,3,127,862.88,OMNI,-0.4
28,3,128,869.74,OMNI,-0.36
28,3,129,876.58,OMNI,-0.33
28,3,130,883.45,OMNI,-0.36
28,3,131,890.24,OMNI,-0.4
28,3,132,897.13,OMNI,-0.41
28,3,133,904.0,OMNI,-0.38
28,3,134,910.86,OMNI,-0.3
28,3,135,917.67,OMNI,-0.3
28,3,136,924.53,OMNI,-0.36
28,3,137,931.37,OMNI,-0.28
28,3,138,938.22,OMNI,-0.3
28,3,139,945.07,OMNI,-0.28
28,3,140,951.94,OMNI,-0.35
28,3,141,958.79,OMNI,-0.38
28,3,142,965.65,OMNI,-0.37
28,3,143,972.5,OMNI,-0.32
28,3,144,979.35,OMNI,-0.33
28,3,145,986.21,OMNI,-0.36
28,3,146,993.07,OMNI,-0.48
28,3,147,999.89,OMNI,-0.5
28,3,148,1006.72,OMNI,-0.55
28,3,149,1013.58,OMNI,-0.37
28,3,150,1020.4,OMNI,-0.3
28,3,151,1027.24,OMNI,-0.3
28,3,152,1034.12,OMNI,-0.27
28,3,153,1040.97,OMNI,-0.23
28,3,154,1047.8,OMNI,-0.32
28,3,155,1054.7,OMNI,-0.3
28,3,156,1061.57,OMNI,-0.35
28,3,157,1068.45,OMNI,-0.38
28,3,158,1075.33,OMNI,-0.44
28,3,159,1082.17,OMNI,-0.51
28,3,160,1089.04,OMNI,-0.43
28,3,161,1095.9,OMNI,-0.4
28,3,162,1102.79,OMNI,-0.35
28,3,163,1109.62,OMNI,-0.27
28,3,164,1116.5,OMNI,-0.4
28,3,165,1123.34,OMNI,-0.5
28,3,166,1130.18,OMNI,-0.4
28,3,167,1137.03,OMNI,-0.33
28,3,168,1143.86,OMNI,-0.32
28,3,169,1150.71,OMNI,-0.31
28,3,170,1157.55,OMNI,-0.24
28,3,171,1164.4,OMNI,-0.2
28,3,172,1171.23,OMNI,-0.28
29,1,1,0.01,OMNI,-1.63
29,1,2,6.84,OMNI,-1.41
29,1,3,13.69,OMNI,-1.22
29,1,4,20.56,OMNI,-1.14
29,1,5,27.4,OMNI,-1.04
29,1,6,34.24,OMNI,-0.86
29,1,7,41.1,OMNI,-0.83
29,1,8,47.95,OMNI,-0.88
29,1,9,54.79,OMNI,-0.8
29,1,10,61.65,OMNI,-0.75
29,1,11,68.5,OMNI,-0.83
29,1,12,75.4,OMNI,-0.75
29,1,13,82.22,OMNI,-0.64
29,1,14,89.07,OMNI,-0.58
29,1,15,95.92,OMNI,-0.5
29,1,16,102.72,OMNI,-0.55
29,1,17,109.56,OMNI,-0.49
29,1,18,116.42,OMNI,-0.52
29,1,19,123.3,OMNI,-0.63
29,1,20,130.12,OMNI,-0.6
29,1,21,136.96,OMNI,-0.6
29,1,22,143.84,OMNI,-0.62
29,1,23,150.69,OMNI,-0.72
29,1,24,157.53,OMNI,-0.7
29,1,25,164.35,OMNI,-0.71
29,1,26,171.19,OMNI,-0.7
29,1,27,178.01,OMNI,-0.63
29,1,28,184.84,OMNI,-0.57
29,1,29,191.66,OMNI,-0.65
29,1,30,198.56,OMNI,-0.62
29,1,31,205.41,OMNI,-0.59
29,1,32,212.25,OMNI,-0.58
29,1,33,219.1,OMNI,-0.64
29,1,34,225.93,OMNI,-0.62
29,1,35,232.78,OMNI,-0.59
29,1,36,239.65,OMNI,-0.5
29,1,37,246.55,OMNI,-0.43
29,1,38,253.41,OMNI,-0.53
29,1,39,260.25,OMNI,-0.46
29,1,40,267.1,OMNI,-0.48
29,1,41,273.94,OMNI,-0.52
29,1,42,280.78,OMNI,-0.44
29,1,43,287.62,OMNI,-0.45
29,1,44,294.47,OMNI,-0.45
29,1,45,301.3,OMNI,-0.39
29,1,46,308.15,OMNI,-0.4
29,1,47,314.98,OMNI,-0.54
29,1,48,321.84,OMNI,-0.64
29,1,49,328.67,OMNI,-0.62
29,1,50,335.54,OMNI,-0.68
29,1,51,342.4,OMNI,-0.66
29,1,52,349.23,OMNI,-0.61
29,1,53,356.07,OMNI,-0.64
29,1,54,362.93,OMNI,-0.56
29,1,55,369.81,OMNI,-0.54
29,1,56,376.67,OMNI,-0.59
29,1,57,383.53,OMNI,-0.44
29,1,58,390.37,OMNI,-0.56
29,1,59,397.22,OMNI,-0.7
29,1,60,404.09,OMNI,-0.68
29,1,61,410.94,OMNI,-0.67
29,1,62,417.79,OMNI,-0.63
29,1,63,424.63,OMNI,-0.73
29,1,64,431.47,OMNI,-0.71
29,1,65,438.33,OMNI,-0.63
29,1,66,445.16,OMNI,-0.6
29,1,67,452.01,OMNI,-0.5
29,1,68,458.84,OMNI,-0.38
29,1,69,465.67,OMNI,-0.44
29,1,70,472.55,OMNI,-0.52
29,1,71,479.41,OMNI,-0.56
29,1,72,486.24,OMNI,-0.55
29,1,73,493.08,OMNI,-0.55
29,1,74,499.93,OMNI,-0.61
29,1,75,506.75,OMNI,-0.67
29,1,76,513.62,OMNI,-0.47
29,1,77,520.49,OMNI,-0.55
29,1,78,527.32,OMNI,-0.62
29,1,79,534.17,OMNI,-0.79
29,1,80,541.0,OMNI,-0.77
29,1,81,547.84,OMNI,-0.71
29,1,82,554.69,OMNI,-0.67
29,1,83,561.56,OMNI,-0.62
29,1,84,568.4,OMNI,-0.53
29,1,85,575.21,OMNI,-0.59
29,1,86,582.06,OMNI,-0.57
29,1,87,588.89,OMNI,-0.54
29,1,88,595.74,OMNI,-0.6
29,1,89,602.61,OMNI,-0.68
29,1,90,609.44,OMNI,-0.63
29,1,91,616.32,OMNI,-0.61
29,1,92,623.15,OMNI,-0.53
29,1,93,629.98,OMNI,-0.47
29,1,94,636.85,OMNI,-0.53
29,1,95,643.73,OMNI,-0.65
29,1,96,650.55,OMNI,-0.56
29,1,97,657.4,OMNI,-0.49
29,1,98,664.28,OMNI,-0.53
29,1,99,671.14,OMNI,-0.53
29,1,100,678.01,OMNI,-0.43
29,1,101,684.88,OMNI,-0.47
29,1,102,691.72,OMNI,-0.45
29,1,103,698.55,OMNI,-0.39
29,1,104,705.42,OMNI,-0.4
29,1,105,712.26,OMNI,-0.53
29,1,106,719.12,OMNI,-0.44
29,1,107,726.0,OMNI,-0.47
29,1,108,732.84,OMNI,-0.48
29,1,109,739.66,OMNI,-0.64
29,1,110,746.55,OMNI,-0.57
29,1,111,753.4,OMNI,-0.45
29,1,112,760.3,OMNI,-0.56
29,1,113,767.13,OMNI,-0.63
29,1,114,774.0,OMNI,-0.63
29,1,115,780.82,OMNI,-0.57
29,1,116,787.66,OMNI,-0.49
29,1,117,794.52,OMNI,-0.52
29,1,118,801.33,OMNI,-0.64
29,1,119,808.18,OMNI,-0.68
29,1,120,815.02,OMNI,-0.52
29,1,121,821.86,OMNI,-0.52
29,1,122,828.7,OMNI,-0.68
29,1,123,835.56,OMNI,-0.64
29,1,124,842.4,OMNI,-0.58
29,1,125,849.28,OMNI,-0.47
29,1,126,856.13,OMNI,-0.51
29,1,127,863.02,OMNI,-0.45
29,1,128,869.85,OMNI,-0.48
29,1,129,876.71,OMNI,-0.59
29,1,130,883.58,OMNI,-0.6
29,1,131,890.46,OMNI,-0.61
29,1,132,897.34,OMNI,-0.59
29,1,133,904.17,OMNI,-0.54
29,1,134,911.02,OMNI,-0.53
29,1,135,917.88,OMNI,-0.57
29,1,136,924.72,OMNI,-0.61
29,1,137,931.6,OMNI,-0.59
29,1,138,938.48,OMNI,-0.6
29,1,139,945.33,OMNI,-0.75
29,1,140,952.17,OMNI,-0.71
29,1,141,959.03,OMNI,-0.65
29,1,142,965.87,OMNI,-0.57
29,1,143,972.71,OMNI,-0.73
29,1,144,979.56,OMNI,-0.46
29,1,145,986.41,OMNI,-0.6
29,1,146,993.24,OMNI,-0.53
29,1,147,1000.11,OMNI,-0.67
29,1,148,1006.96,OMNI,-0.48
29,1,149,1013.79,OMNI,-0.72
29,1,150,1020.62,OMNI,-0.66
29,1,151,1027.47,OMNI,-0.69
29,1,152,1034.3,OMNI,-0.67
29,1,153,1041.16,OMNI,-0.73
29,1,154,1048.03,OMNI,-0.71
29,1,155,1054.87,OMNI,-0.76
29,1,156,1061.71,OMNI,-0.56
29,1,157,1068.57,OMNI,-0.55
29,1,158,1075.41,OMNI,-0.59
29,1,159,1082.21,OMNI,-0.68
29,1,160,1089.06,OMNI,-0.66
29,1,161,1095.9,OMNI,-0.61
29,1,162,1102.77,OMNI,-0.57
29,1,163,1109.59,OMNI,-0.58
29,1,164,1116.43,OMNI,-0.66
29,1,165,1123.25,OMNI,-0.63
29,1,166,1130.09,OMNI,-0.55
29,1,167,1136.92,OMNI,-0.6
29,1,168,1143.76,OMNI,-0.6
29,1,169,1150.63,OMNI,-0.69
29,1,170,1157.45,OMNI,-0.51
29,1,171,1164.32,OMNI,-0.56
29,1,172,1171.17,OMNI,-0.54
29,1,173,1177.99,OMNI,-0.46
29,1,174,1184.78,OMNI,-0.43
29,1,175,1191.64,OMNI,-0.52
29,2,1,0.01,OMNI,-1.56
29,2,2,6.83,OMNI,-1.27
29,2,3,13.63,OMNI,-1.01
29,2,4,20.47,OMNI,-0.84
29,2,5,27.32,OMNI,-0.64
29,2,6,34.18,OMNI,-0.5
29,2,7,41.03,OMNI,-0.46
29,2,8,47.88,OMNI,-0.29
29,2,9,54.75,OMNI,-0.34
29,2,10,61.59,OMNI,-0.24
29,2,11,68.45,OMNI,-0.22
29,2,12,75.33,OMNI,-0.22
29,2,13,82.17,OMNI,-0.24
29,2,14,89.0,OMNI,-0.22
29,2,15,95.88,OMNI,-0.11
29,2,16,102.75,OMNI,-0.06
29,2,17,109.57,OMNI,-0.1
29,2,18,116.42,OMNI,-0.1
29,2,19,123.26,OMNI,-0.11
29,2,20,130.11,OMNI,-0.18
29,2,21,136.95,OMNI,-0.2
29,2,22,143.81,OMNI,-0.11
29,2,23,150.65,OMNI,-0.14
29,2,24,157.51,OMNI,-0.28
29,2,25,164.33,OMNI,-0.28
29,2,26,171.18,OMNI,-0.21
29,2,27,178.04,OMNI,-0.2
29,2,28,184.88,OMNI,-0.15
29,2,29,191.73,OMNI,-0.28
29,2,30,198.59,OMNI,-0.26
29,2,31,205.46,OMNI,-0.2
29,2,32,212.32,OMNI,-0.07
29,2,33,219.16,OMNI,-0.17
29,2,34,226.04,OMNI,-0.09
29,2,35,232.89,OMNI,-0.15
29,2,36,239.75,OMNI,-0.05
29,2,37,246.62,OMNI,-0.05
29,2,38,253.45,OMNI,-0.05
29,2,39,260.3,OMNI,-0.05
29,2,40,267.17,OMNI,-0.05
29,2,41,274.02,OMNI,-0.09
29,2,42,280.87,OMNI,-0.1
29,2,43,287.75,OMNI,-0.1
29,2,44,294.6,OMNI,-0.17
29,2,45,301.41,OMNI,-0.17
29,2,46,308.23,OMNI,-0.33
29,2,47,315.09,OMNI,-0.42
29,2,48,321.94,OMNI,-0.37
29,2,49,328.78,OMNI,-0.36
29,2,50,335.67,OMNI,-0.28
29,2,51,342.47,OMNI,-0.23
29,2,52,349.3,OMNI,-0.17
29,2,53,356.11,OMNI,-0.2
29,2,54,362.94,OMNI,-0.19
29,2,55,369.81,OMNI,-0.25
29,2,56,376.64,OMNI,-0.23
29,2,57,383.46,OMNI,-0.15
29,2,58,390.27,OMNI,-0.05
29,2,59,397.12,OMNI,-0.11
29,2,60,403.97,OMNI,-0.08
29,2,61,410.82,OMNI,-0.18
29,2,62,417.68,OMNI,-0.07
29,2,63,424.51,OMNI,-0.05
29,2,64,431.38,OMNI,-0.05
29,2,65,438.2,OMNI,-0.05
29,2,66,445.04,OMNI,-0.08
29,2,67,451.93,OMNI,-0.05
29,2,68,458.79,OMNI,-0.05
29,2,69,465.64,OMNI,-0.05
29,2,70,472.49,OMNI,-0.08
29,2,71,479.38,OMNI,-0.15
29,2,72,486.21,OMNI,-0.23
29,2,73,493.1,OMNI,-0.12
29,2,74,499.93,OMNI,-0.08
29,2,75,506.79,OMNI,-0.05
29,2,76,513.62,OMNI,-0.15
29,2,77,520.46,OMNI,-0.2
29,2,78,527.26,OMNI,-0.2
29,2,79,534.1,OMNI,-0.2
29,2,80,540.93,OMNI,-0.17
29,2,81,547.76,OMNI,-0.21
29,2,82,554.62,OMNI,-0.25
29,2,83,561.45,OMNI,-0.21
29,2,84,568.3,OMNI,-0.13
29,2,85,575.11,OMNI,-0.19
29,2,86,581.97,OMNI,-0.12
29,2,87,588.84,OMNI,-0.12
29,2,88,595.69,OMNI,-0.07
29,2,89,602.58,OMNI,-0.17
29,2,90,609.45,OMNI,-0.11
29,2,91,616.31,OMNI,-0.2
29,2,92,623.16,OMNI,-0.24
29,2,93,629.98,OMNI,-0.3
29,2,94,636.81,OMNI,-0.29
29,2,95,643.66,OMNI,-0.32
29,2,96,650.49,OMNI,-0.18
29,2,97,657.32,OMNI,-0.08
29,2,98,664.13,OMNI,-0.07
29,2,99,670.99,OMNI,-0.06
29,2,100,677.83,OMNI,-0.16
29,2,101,684.68,OMNI,-0.1
29,2,102,691.54,OMNI,-0.07
29,2,103,698.4,OMNI,-0.05
29,2,104,705.25,OMNI,-0.09
29,2,105,712.08,OMNI,-0.08
29,2,106,718.91,OMNI,-0.19
29,2,107,725.74,OMNI,-0.2
29,2,108,732.59,OMNI,-0.22
29,2,109,739.47,OMNI,-0.28
29,2,110,746.31,OMNI,-0.22
29,2,111,753.17,OMNI,-0.27
29,2,112,760.05,OMNI,-0.21
29,2,113,766.87,OMNI,-0.14
29,2,114,773.71,OMNI,-0.13
29,2,115,780.57,OMNI,-0.14
29,2,116,787.42,OMNI,-0.12
29,2,117,794.23,OMNI,-0.18
29,2,118,801.1,OMNI,-0.36
29,2,119,807.96,OMNI,-0.4
29,2,120,814.86,OMNI,-0.31
29,2,121,821.73,OMNI,-0.41
29,2,122,828.6,OMNI,-0.25
29,2,123,835.45,OMNI,-0.13
29,2,124,842.33,OMNI,-0.14
29,2,125,849.21,OMNI,-0.12
29,2,126,856.07,OMNI,-0.18
29,2,127,862.93,OMNI,-0.23
29,2,128,869.77,OMNI,-0.19
29,2,129,876.63,OMNI,-0.1
29,2,130,883.5,OMNI,-0.12
29,2,131,890.32,OMNI,-0.12
29,2,132,897.19,OMNI,-0.16
29,2,133,904.04,OMNI,-0.25
29,2,134,910.85,OMNI,-0.25
29,2,135,917.72,OMNI,-0.2
29,2,136,924.55,OMNI,-0.18
29,2,137,931.39,OMNI,-0.16
29,2,138,938.26,OMNI,-0.24
29,2,139,945.13,OMNI,-0.17
29,2,140,951.98,OMNI,-0.23
29,2,141,958.82,OMNI,-0.28
29,2,142,965.68,OMNI,-0.37
29,2,143,972.51,OMNI,-0.3
29,2,144,979.34,OMNI,-0.17
29,2,145,986.19,OMNI,-0.26
29,2,146,993.04,OMNI,-0.16
29,2,147,999.92,OMNI,-0.09
29,2,148,1006.76,OMNI,-0.09
29,2,149,1013.6,OMNI,-0.22
29,2,150,1020.49,OMNI,-0.23
29,2,151,1027.36,OMNI,-0.12
29,2,152,1034.2,OMNI,-0.13
29,2,153,1041.06,OMNI,-0.2
29,2,154,1047.93,OMNI,-0.17
29,2,155,1054.76,OMNI,-0.21
29,2,156,1061.62,OMNI,-0.16
29,2,157,1068.46,OMNI,-0.17
29,2,158,1075.29,OMNI,-0.24
29,2,159,1082.15,OMNI,-0.14
29,2,160,1088.97,OMNI,-0.12
29,2,161,1095.86,OMNI,-0.1
29,2,162,1102.73,OMNI,-0.12
29,2,163,1109.61,OMNI,-0.06
29,2,164,1116.47,OMNI,-0.19
29,2,165,1123.32,OMNI,-0.19
29,2,166,1130.23,OMNI,-0.25
29,2,167,1137.07,OMNI,-0.13
29,2,168,1143.89,OMNI,-0.27
29,2,169,1150.77,OMNI,-0.25
29,2,170,1157.64,OMNI,-0.16
29,2,171,1164.47,OMNI,-0.05
29,2,172,1171.32,OMNI,-0.12
29,2,173,1178.15,OMNI,-0.06
29,2,174,1184.99,OMNI,-0.07
29,2,175,1191.85,OMNI,-0.1
29,2,176,1198.7,OMNI,-0.07
29,2,177,1205.54,OMNI,-0.05
29,2,178,1212.4,OMNI,-0.12
29,2,179,1219.23,OMNI,-0.06
29,2,180,1226.09,OMNI,-0.05
29,2,181,1232.97,OMNI,-0.13
29,2,182,1239.83,OMNI,-0.18
29,2,183,1246.67,OMNI,-0.28
29,2,184,1253.55,OMNI,-0.3
29,2,185,1260.39,OMNI,-0.2
29,2,186,1267.24,OMNI,-0.05
29,2,187,1274.11,OMNI,-0.12
29,2,188,1280.92,OMNI,-0.05
29,2,189,1287.77,OMNI,-0.05
29,2,190,1294.63,OMNI,-0.08
29,2,191,1301.47,OMNI,-0.21
29,2,192,1308.33,OMNI,-0.23
29,2,193,1315.2,OMNI,-0.25
29,2,194,1322.06,OMNI,-0.22
29,2,195,1328.94,OMNI,-0.22
29,2,196,1335.83,OMNI,-0.24
29,2,197,1342.66,OMNI,-0.19
29,2,198,1349.45,OMNI,-0.26
29,2,199,1356.29,OMNI,-0.21
29,2,200,1363.13,OMNI,-0.17
29,3,1,0.01,OMNI,-0.37
29,3,2,6.89,OMNI,-0.41
29,3,3,13.73,OMNI,-0.35
29,3,4,20.56,OMNI,-0.25
29,3,5,27.43,OMNI,-0.28
29,3,6,34.28,OMNI,-0.57
29,3,7,41.12,OMNI,-0.62
29,3,8,47.96,OMNI,-0.6
29,3,9,54.8,OMNI,-0.62
29,3,10,61.65,OMNI,-0.51
29,3,11,68.5,OMNI,-0.39
29,3,12,75.3,OMNI,-0.35
29,3,13,82.16,OMNI,-0.43
29,3,14,89.05,OMNI,-0.38
29,3,15,95.93,OMNI,-0.46
29,3,16,102.78,OMNI,-0.46
29,3,17,109.6,OMNI,-0.51
29,3,18,116.4,OMNI,-0.5
29,3,19,123.25,OMNI,-0.46
29,3,20,130.07,OMNI,-0.39
29,3,21,136.94,OMNI,-0.4
29,3,22,143.77,OMNI,-0.49
29,3,23,150.59,OMNI,-0.41
29,3,24,157.42,OMNI,-0.38
29,3,25,164.25,OMNI,-0.41
29,3,26,171.09,OMNI,-0.4
29,3,27,177.9,OMNI,-0.41
29,3,28,184.79,OMNI,-0.5
29,3,29,191.63,OMNI,-0.47
29,3,30,198.45,OMNI,-0.48
29,3,31,205.27,OMNI,-0.58
29,3,32,212.1,OMNI,-0.52
29,3,33,218.92,OMNI,-0.6
29,3,34,225.74,OMNI,-0.65
29,3,35,232.62,OMNI,-0.62
29,3,36,239.46,OMNI,-0.66
29,3,37,246.29,OMNI,-0.6
29,3,38,253.17,OMNI,-0.61
29,3,39,260.0,OMNI,-0.56
29,3,40,266.84,OMNI,-0.63
29,3,41,273.68,OMNI,-0.59
29,3,42,280.54,OMNI,-0.5
29,3,43,287.41,OMNI,-0.51
29,3,44,294.26,OMNI,-0.52
29,3,45,301.1,OMNI,-0.5
29,3,46,307.94,OMNI,-0.48
29,3,47,314.82,OMNI,-0.44
29,3,48,321.67,OMNI,-0.34
29,3,49,328.5,OMNI,-0.41
29,3,50,335.38,OMNI,-0.51
29,3,51,342.21,OMNI,-0.49
29,3,52,349.06,OMNI,-0.48
29,3,53,355.92,OMNI,-0.52
29,3,54,362.78,OMNI,-0.5
29,3,55,369.63,OMNI,-0.45
29,3,56,376.5,OMNI,-0.31
29,3,57,383.34,OMNI,-0.38
29,3,58,390.18,OMNI,-0.49
29,3,59,397.0,OMNI,-0.48
29,3,60,403.88,OMNI,-0.56
29,3,61,410.78,OMNI,-0.47
29,3,62,417.65,OMNI,-0.48
29,3,63,424.49,OMNI,-0.54
29,3,64,431.37,OMNI,-0.51
29,3,65,438.24,OMNI,-0.49
29,3,66,445.08,OMNI,-0.55
29,3,67,451.92,OMNI,-0.46
29,3,68,458.77,OMNI,-0.48
29,3,69,465.64,OMNI,-0.46
29,3,70,472.43,OMNI,-0.52
29,3,71,479.3,OMNI,-0.6
29,3,72,486.11,OMNI,-0.61
29,3,73,492.97,OMNI,-0.57
29,3,74,499.84,OMNI,-0.53
29,3,75,506.67,OMNI,-0.53
29,3,76,513.53,OMNI,-0.56
29,3,77,520.38,OMNI,-0.56
29,3,78,527.24,OMNI,-0.57
29,3,79,534.07,OMNI,-0.53
29,3,80,540.9,OMNI,-0.61
29,3,81,547.76,OMNI,-0.55
29,3,82,554.62,OMNI,-0.66
29,3,83,561.46,OMNI,-0.66
29,3,84,568.33,OMNI,-0.64
29,3,85,575.19,OMNI,-0.57
29,3,86,582.02,OMNI,-0.53
29,3,87,588.87,OMNI,-0.54
29,3,88,595.72,OMNI,-0.48
29,3,89,602.57,OMNI,-0.42
29,3,90,609.42,OMNI,-0.49
29,3,91,616.26,OMNI,-0.5
29,3,92,623.08,OMNI,-0.53
29,3,93,629.96,OMNI,-0.55
29,3,94,636.8,OMNI,-0.52
29,3,95,643.65,OMNI,-0.55
29,3,96,650.46,OMNI,-0.53
29,3,97,657.29,OMNI,-0.5
29,3,98,664.15,OMNI,-0.5
29,3,99,670.98,OMNI,-0.5
29,3,100,677.81,OMNI,-0.46
29,3,101,684.68,OMNI,-0.47
29,3,102,691.53,OMNI,-0.49
29,3,103,698.37,OMNI,-0.38
29,3,104,705.2,OMNI,-0.56
29,3,105,712.02,OMNI,-0.45
29,3,106,718.89,OMNI,-0.47
29,3,107,725.71,OMNI,-0.4
29,3,108,732.54,OMNI,-0.43
29,3,109,739.37,OMNI,-0.43
29,3,110,746.23,OMNI,-0.51
29,3,111,753.1,OMNI,-0.56
29,3,112,759.93,OMNI,-0.49
29,3,113,766.79,OMNI,-0.48
29,3,114,773.64,OMNI,-0.54
29,3,115,780.47,OMNI,-0.53
29,3,116,787.33,OMNI,-0.63
29,3,117,794.17,OMNI,-0.59
29,3,118,801.04,OMNI,-0.59
29,3,119,807.85,OMNI,-0.56
29,3,120,814.7,OMNI,-0.5
29,3,121,821.56,OMNI,-0.5
29,3,122,828.41,OMNI,-0.47
29,3,123,835.26,OMNI,-0.34
29,3,124,842.09,OMNI,-0.34
29,3,125,848.95,OMNI,-0.49
29,3,126,855.8,OMNI,-0.47
29,3,127,862.64,OMNI,-0.49
29,3,128,869.47,OMNI,-0.42
29,3,129,876.3,OMNI,-0.45
29,3,130,883.16,OMNI,-0.43
29,3,131,889.99,OMNI,-0.35
29,3,132,896.84,OMNI,-0.43
29,3,133,903.71,OMNI,-0.51
29,3,134,910.53,OMNI,-0.6
29,3,135,917.35,OMNI,-0.6
29,3,136,924.18,OMNI,-0.55
29,3,137,930.98,OMNI,-0.55
29,3,138,937.87,OMNI,-0.49
29,3,139,944.72,OMNI,-0.36
29,3,140,951.56,OMNI,-0.44
29,3,141,958.42,OMNI,-0.34
29,3,142,965.26,OMNI,-0.33
29,3,143,972.12,OMNI,-0.46
29,3,144,978.99,OMNI,-0.37
29,3,145,985.84,OMNI,-0.41
29,3,146,992.65,OMNI,-0.43
29,3,147,999.52,OMNI,-0.37
29,3,148,1006.33,OMNI,-0.39
29,3,149,1013.21,OMNI,-0.36
29,3,150,1020.1,OMNI,-0.35
29,3,151,1026.94,OMNI,-0.43
29,3,152,1033.79,OMNI,-0.5
29,3,153,1040.66,OMNI,-0.47
29,3,154,1047.55,OMNI,-0.41
29,3,155,1054.42,OMNI,-0.47
29,3,156,1061.29,OMNI,-0.4
29,3,157,1068.12,OMNI,-0.46
29,3,158,1074.96,OMNI,-0.56
29,3,159,1081.84,OMNI,-0.54
29,3,160,1088.65,OMNI,-0.53
29,3,161,1095.49,OMNI,-0.6
29,3,162,1102.35,OMNI,-0.56
29,3,163,1109.17,OMNI,-0.49
29,3,164,1116.03,OMNI,-0.57
29,3,165,1122.91,OMNI,-0.54
29,3,166,1129.74,OMNI,-0.49
29,3,167,1136.61,OMNI,-0.57
29,3,168,1143.48,OMNI,-0.47
29,3,169,1150.37,OMNI,-0.53
29,3,170,1157.2,OMNI,-0.55
29,3,171,1164.07,OMNI,-0.53
29,3,172,1170.94,OMNI,-0.52
29,3,173,1177.79,OMNI,-0.6
29,3,174,1184.67,OMNI,-0.52
29,3,175,1191.54,OMNI,-0.52
29,3,176,1198.43,OMNI,-0.5
29,3,177,1205.29,OMNI,-0.45
29,3,178,1212.15,OMNI,-0.42
29,3,179,1219.0,OMNI,-0.47
29,3,180,1225.86,OMNI,-0.46
29,3,181,1232.71,OMNI,-0.42
29,3,182,1239.57,OMNI,-0.37
29,3,183,1246.44,OMNI,-0.39
29,3,184,1253.25,OMNI,-0.47
29,3,185,1260.08,OMNI,-0.43
29,3,186,1266.95,OMNI,-0.42
29,3,187,1273.77,OMNI,-0.47
29,3,188,1280.62,OMNI,-0.47
29,3,189,1287.44,OMNI,-0.51
29,3,190,1294.27,OMNI,-0.53
29,3,191,1301.12,OMNI,-0.49
29,3,192,1307.97,OMNI,-0.55
29,3,193,1314.86,OMNI,-0.44
29,3,194,1321.7,OMNI,-0.56
29,3,195,1328.56,OMNI,-0.51
29,3,196,1335.41,OMNI,-0.55
29,3,197,1342.25,OMNI,-0.44
29,3,198,1349.16,OMNI,-0.42
29,3,199,1356.04,OMNI,-0.36
29,3,200,1362.89,OMNI,-0.36
29,3,201,1369.74,OMNI,-0.39
30,1,1,0.01,OMNI,-1.2
30,1,2,6.86,OMNI,-0.98
30,1,3,13.73,OMNI,-0.74
30,1,4,20.59,OMNI,-0.66
30,1,5,27.44,OMNI,-0.54
30,1,6,34.28,OMNI,-0.55
30,1,7,41.11,OMNI,-0.43
30,1,8,47.94,OMNI,-0.47
30,1,9,54.8,OMNI,-0.49
30,1,10,61.6,OMNI,-0.37
30,1,11,68.47,OMNI,-0.42
30,1,12,75.32,OMNI,-0.43
30,1,13,82.14,OMNI,-0.45
30,1,14,89.0,OMNI,-0.38
30,1,15,95.86,OMNI,-0.42
30,1,16,102.72,OMNI,-0.37
30,1,17,109.61,OMNI,-0.39
30,1,18,116.44,OMNI,-0.34
30,1,19,123.3,OMNI,-0.4
30,1,20,130.15,OMNI,-0.38
30,1,21,136.98,OMNI,-0.33
30,1,22,143.84,OMNI,-0.15
30,1,23,150.7,OMNI,-0.21
30,1,24,157.56,OMNI,-0.3
30,1,25,164.36,OMNI,-0.33
30,1,26,171.21,OMNI,-0.29
30,1,27,178.05,OMNI,-0.38
30,1,28,184.89,OMNI,-0.45
30,1,29,191.75,OMNI,-0.42
30,1,30,198.62,OMNI,-0.41
30,1,31,205.48,OMNI,-0.41
30,1,32,212.35,OMNI,-0.37
30,1,33,219.2,OMNI,-0.25
30,1,34,226.03,OMNI,-0.33
30,1,35,232.85,OMNI,-0.3
30,1,36,239.67,OMNI,-0.32
30,1,37,246.54,OMNI,-0.35
30,1,38,253.38,OMNI,-0.38
30,1,39,260.25,OMNI,-0.4
30,1,40,267.11,OMNI,-0.35
30,1,41,273.92,OMNI,-0.3
30,1,42,280.75,OMNI,-0.31
30,1,43,287.61,OMNI,-0.21
30,1,44,294.49,OMNI,-0.25
30,1,45,301.33,OMNI,-0.4
30,1,46,308.18,OMNI,-0.36
30,1,47,315.0,OMNI,-0.41
30,1,48,321.84,OMNI,-0.44
30,1,49,328.71,OMNI,-0.5
30,1,50,335.57,OMNI,-0.42
30,1,51,342.41,OMNI,-0.42
30,1,52,349.3,OMNI,-0.42
30,1,53,356.12,OMNI,-0.36
30,1,54,362.95,OMNI,-0.29
30,1,55,369.8,OMNI,-0.3
30,1,56,376.65,OMNI,-0.27
30,1,57,383.51,OMNI,-0.27
30,1,58,390.34,OMNI,-0.29
30,1,59,397.22,OMNI,-0.29
30,1,60,404.09,OMNI,-0.26
30,1,61,410.94,OMNI,-0.29
30,1,62,417.81,OMNI,-0.18
30,1,63,424.65,OMNI,-0.28
30,1,64,431.48,OMNI,-0.26
30,1,65,438.32,OMNI,-0.23
30,1,66,445.19,OMNI,-0.17
30,1,67,452.05,OMNI,-0.05
30,1,68,458.89,OMNI,-0.13
30,1,69,465.76,OMNI,-0.2
30,1,70,472.61,OMNI,-0.34
30,1,71,479.46,OMNI,-0.32
30,1,72,486.3,OMNI,-0.43
30,1,73,493.15,OMNI,-0.44
30,1,74,500.02,OMNI,-0.31
30,1,75,506.85,OMNI,-0.37
30,1,76,513.7,OMNI,-0.31
30,1,77,520.54,OMNI,-0.24
30,1,78,527.35,OMNI,-0.26
30,1,79,534.2,OMNI,-0.19
30,1,80,541.07,OMNI,-0.13
30,1,81,547.94,OMNI,-0.14
30,1,82,554.79,OMNI,-0.15
30,1,83,561.67,OMNI,-0.11
30,1,84,568.49,OMNI,-0.08
30,1,85,575.34,OMNI,-0.23
30,1,86,582.19,OMNI,-0.36
30,1,87,589.01,OMNI,-0.41
30,1,88,595.87,OMNI,-0.37
30,1,89,602.72,OMNI,-0.41
30,1,90,609.54,OMNI,-0.49
30,1,91,616.4,OMNI,-0.39
30,1,92,623.26,OMNI,-0.42
30,1,93,630.11,OMNI,-0.37
30,1,94,636.97,OMNI,-0.42
30,1,95,643.82,OMNI,-0.37
30,1,96,650.65,OMNI,-0.31
30,1,97,657.5,OMNI,-0.4
30,1,98,664.38,OMNI,-0.4
30,1,99,671.25,OMNI,-0.36
30,1,100,678.1,OMNI,-0.23
30,1,101,684.94,OMNI,-0.35
30,1,102,691.76,OMNI,-0.3
30,1,103,698.64,OMNI,-0.28
30,1,104,705.47,OMNI,-0.34
30,1,105,712.3,OMNI,-0.36
30,1,106,719.2,OMNI,-0.42
30,1,107,726.05,OMNI,-0.28
30,1,108,732.9,OMNI,-0.24
30,1,109,739.73,OMNI,-0.29
30,1,110,746.59,OMNI,-0.28
30,1,111,753.42,OMNI,-0.27
30,1,112,760.29,OMNI,-0.33
30,1,113,767.15,OMNI,-0.35
30,1,114,773.98,OMNI,-0.32
30,1,115,780.81,OMNI,-0.34
30,1,116,787.67,OMNI,-0.34
30,1,117,794.53,OMNI,-0.34
30,1,118,801.37,OMNI,-0.36
30,1,119,808.25,OMNI,-0.32
30,1,120,815.13,OMNI,-0.4
30,1,121,822.0,OMNI,-0.42
30,1,122,828.87,OMNI,-0.39
30,1,123,835.71,OMNI,-0.35
30,1,124,842.52,OMNI,-0.42
30,1,125,849.39,OMNI,-0.35
30,1,126,856.22,OMNI,-0.36
30,1,127,863.08,OMNI,-0.4
30,1,128,869.92,OMNI,-0.38
30,1,129,876.78,OMNI,-0.4
30,1,130,883.6,OMNI,-0.32
30,1,131,890.41,OMNI,-0.24
30,1,132,897.28,OMNI,-0.15
30,1,133,904.09,OMNI,-0.23
30,1,134,910.95,OMNI,-0.18
30,1,135,917.8,OMNI,-0.07
30,1,136,924.66,OMNI,-0.05
30,1,137,931.52,OMNI,-0.2
30,1,138,938.36,OMNI,-0.36
30,1,139,945.21,OMNI,-0.31
30,1,140,952.05,OMNI,-0.37
30,1,141,958.93,OMNI,-0.39
30,1,142,965.77,OMNI,-0.33
30,1,143,972.6,OMNI,-0.3
30,1,144,979.42,OMNI,-0.33
30,1,145,986.29,OMNI,-0.33
30,1,146,993.11,OMNI,-0.24
30,1,147,999.97,OMNI,-0.13
30,1,148,1006.86,OMNI,-0.22
30,1,149,1013.67,OMNI,-0.34
30,1,150,1020.52,OMNI,-0.29
30,1,151,1027.39,OMNI,-0.39
30,1,152,1034.23,OMNI,-0.41
30,1,153,1041.1,OMNI,-0.4
30,1,154,1047.94,OMNI,-0.3
30,1,155,1054.82,OMNI,-0.28
30,1,156,1061.68,OMNI,-0.34
30,1,157,1068.53,OMNI,-0.33
30,1,158,1075.39,OMNI,-0.33
30,1,159,1082.25,OMNI,-0.18
30,1,160,1089.12,OMNI,-0.25
30,1,161,1095.99,OMNI,-0.12
30,1,162,1102.87,OMNI,-0.21
30,1,163,1109.72,OMNI,-0.24
30,1,164,1116.61,OMNI,-0.28
30,1,165,1123.45,OMNI,-0.34
30,1,166,1130.3,OMNI,-0.31
30,1,167,1137.18,OMNI,-0.31
30,1,168,1143.99,OMNI,-0.4
30,1,169,1150.82,OMNI,-0.4
30,1,170,1157.67,OMNI,-0.33
30,1,171,1164.53,OMNI,-0.49
30,1,172,1171.34,OMNI,-0.38
30,1,173,1178.21,OMNI,-0.34
30,1,174,1185.08,OMNI,-0.31
30,1,175,1191.93,OMNI,-0.24
30,1,176,1198.74,OMNI,-0.14
30,1,177,1205.63,OMNI,-0.24
30,1,178,1212.46,OMNI,-0.19
30,1,179,1219.33,OMNI,-0.26
30,1,180,1226.19,OMNI,-0.27
30,1,181,1233.04,OMNI,-0.33
30,1,182,1239.9,OMNI,-0.4
30,1,183,1246.77,OMNI,-0.45
30,1,184,1253.57,OMNI,-0.49
30,1,185,1260.42,OMNI,-0.38
30,1,186,1267.27,OMNI,-0.28
30,1,187,1274.09,OMNI,-0.32
30,1,188,1280.91,OMNI,-0.34
30,1,189,1287.76,OMNI,-0.3
30,1,190,1294.59,OMNI,-0.35
30,1,191,1301.46,OMNI,-0.35
30,1,192,1308.33,OMNI,-0.36
30,1,193,1315.19,OMNI,-0.35
30,1,194,1322.04,OMNI,-0.28
30,1,195,1328.92,OMNI,-0.28
30,1,196,1335.76,OMNI,-0.31
30,1,197,1342.63,OMNI,-0.34
30,1,198,1349.49,OMNI,-0.35
30,1,199,1356.36,OMNI,-0.41
30,1,200,1363.18,OMNI,-0.35
30,1,201,1370.01,OMNI,-0.32
30,1,202,1376.88,OMNI,-0.31
30,1,203,1383.73,OMNI,-0.29
30,1,204,1390.57,OMNI,-0.36
30,1,205,1397.44,OMNI,-0.34
30,1,206,1404.32,OMNI,-0.31
30,1,207,1411.12,OMNI,-0.2
30,1,208,1417.97,OMNI,-0.35
30,1,209,1424.83,OMNI,-0.3
30,1,210,1431.68,OMNI,-0.29
30,1,211,1438.51,OMNI,-0.38
30,1,212,1445.4,OMNI,-0.32
30,1,213,1452.28,OMNI,-0.38
30,1,214,1459.1,OMNI,-0.37
30,1,215,1465.97,OMNI,-0.41
30,1,216,1472.82,OMNI,-0.37
30,1,217,1479.68,OMNI,-0.33
30,1,218,1486.53,OMNI,-0.41
30,2,1,0.01,OMNI,-0.57
30,2,2,6.88,OMNI,-0.56
30,2,3,13.74,OMNI,-0.57
30,2,4,20.56,OMNI,-0.46
30,2,5,27.4,OMNI,-0.39
30,2,6,34.27,OMNI,-0.6
30,2,7,41.12,OMNI,-0.6
30,2,8,47.97,OMNI,-0.59
30,2,9,54.82,OMNI,-0.61
30,2,10,61.68,OMNI,-0.41
30,2,11,68.54,OMNI,-0.53
30,2,12,75.39,OMNI,-0.59
30,2,13,82.23,OMNI,-0.55
30,2,14,89.1,OMNI,-0.53
30,2,15,95.96,OMNI,-0.48
30,2,16,102.81,OMNI,-0.46
30,2,17,109.64,OMNI,-0.41
30,2,18,116.5,OMNI,-0.33
30,2,19,123.33,OMNI,-0.34
30,2,20,130.17,OMNI,-0.3
30,2,21,137.04,OMNI,-0.31
30,2,22,143.92,OMNI,-0.36
30,2,23,150.77,OMNI,-0.42
30,2,24,157.63,OMNI,-0.38
30,2,25,164.45,OMNI,-0.32
30,2,26,171.27,OMNI,-0.31
30,2,27,178.09,OMNI,-0.33
30,2,28,184.92,OMNI,-0.32
30,2,29,191.78,OMNI,-0.36
30,2,30,198.65,OMNI,-0.43
30,2,31,205.52,OMNI,-0.42
30,2,32,212.36,OMNI,-0.46
30,2,33,219.2,OMNI,-0.37
30,2,34,226.08,OMNI,-0.48
30,2,35,232.93,OMNI,-0.49
30,2,36,239.79,OMNI,-0.41
30,2,37,246.62,OMNI,-0.49
30,2,38,253.45,OMNI,-0.41
30,2,39,260.3,OMNI,-0.39
30,2,40,267.16,OMNI,-0.31
30,2,41,274.02,OMNI,-0.23
30,2,42,280.89,OMNI,-0.25
30,2,43,287.72,OMNI,-0.34
30,2,44,294.56,OMNI,-0.35
30,2,45,301.39,OMNI,-0.31
30,2,46,308.25,OMNI,-0.38
30,2,47,315.13,OMNI,-0.42
30,2,48,321.97,OMNI,-0.39
30,2,49,328.82,OMNI,-0.54
30,2,50,335.67,OMNI,-0.45
30,2,51,342.54,OMNI,-0.43
30,2,52,349.41,OMNI,-0.36
30,2,53,356.25,OMNI,-0.28
30,2,54,363.13,OMNI,-0.25
30,2,55,369.99,OMNI,-0.31
30,2,56,376.82,OMNI,-0.35
30,2,57,383.69,OMNI,-0.32
30,2,58,390.56,OMNI,-0.29
30,2,59,397.42,OMNI,-0.29
30,2,60,404.26,OMNI,-0.35
30,2,61,411.12,OMNI,-0.38
30,2,62,417.97,OMNI,-0.33
30,2,63,424.84,OMNI,-0.33
30,2,64,431.68,OMNI,-0.32
30,2,65,438.56,OMNI,-0.35
30,2,66,445.4,OMNI,-0.31
30,2,67,452.25,OMNI,-0.33
30,2,68,459.1,OMNI,-0.39
30,2,69,465.95,OMNI,-0.36
30,2,70,472.8,OMNI,-0.36
30,2,71,479.64,OMNI,-0.48
30,2,72,486.52,OMNI,-0.39
30,2,73,493.37,OMNI,-0.45
30,2,74,500.25,OMNI,-0.46
30,2,75,507.08,OMNI,-0.41
30,2,76,513.97,OMNI,-0.42
30,2,77,520.83,OMNI,-0.49
30,2,78,527.67,OMNI,-0.54
30,2,79,534.56,OMNI,-0.53
30,2,80,541.42,OMNI,-0.56
30,2,81,548.31,OMNI,-0.49
30,2,82,555.13,OMNI,-0.48
30,2,83,561.98,OMNI,-0.5
30,2,84,568.86,OMNI,-0.5
30,2,85,575.75,OMNI,-0.52
30,2,86,582.6,OMNI,-0.41
30,2,87,589.46,OMNI,-0.4
30,2,88,596.31,OMNI,-0.33
30,2,89,603.11,OMNI,-0.33
30,2,90,609.95,OMNI,-0.36
30,2,91,616.82,OMNI,-0.34
30,2,92,623.64,OMNI,-0.31
30,2,93,630.47,OMNI,-0.42
30,2,94,637.3,OMNI,-0.49
30,2,95,644.09,OMNI,-0.52
30,2,96,650.91,OMNI,-0.47
30,2,97,657.75,OMNI,-0.58
30,2,98,664.62,OMNI,-0.47
30,2,99,671.51,OMNI,-0.41
30,2,100,678.34,OMNI,-0.39
30,2,101,685.17,OMNI,-0.44
30,2,102,692.05,OMNI,-0.48
30,2,103,698.91,OMNI,-0.5
30,2,104,705.77,OMNI,-0.45
30,2,105,712.63,OMNI,-0.44
30,2,106,719.46,OMNI,-0.42
30,2,107,726.29,OMNI,-0.48
30,2,108,733.13,OMNI,-0.47
30,2,109,739.97,OMNI,-0.41
30,2,110,746.8,OMNI,-0.36
30,2,111,753.61,OMNI,-0.3
30,2,112,760.47,OMNI,-0.44
30,2,113,767.33,OMNI,-0.41
30,2,114,774.16,OMNI,-0.32
30,2,115,780.99,OMNI,-0.38
30,2,116,787.84,OMNI,-0.45
30,2,117,794.66,OMNI,-0.47
30,2,118,801.49,OMNI,-0.44
30,2,119,808.34,OMNI,-0.42
30,2,120,815.23,OMNI,-0.47
30,2,121,822.08,OMNI,-0.45
30,2,122,828.93,OMNI,-0.51
30,2,123,835.77,OMNI,-0.46
30,2,124,842.6,OMNI,-0.26
30,2,125,849.48,OMNI,-0.32
30,2,126,856.34,OMNI,-0.41
30,2,127,863.17,OMNI,-0.41
30,2,128,870.02,OMNI,-0.42
30,2,129,876.87,OMNI,-0.3
30,2,130,883.72,OMNI,-0.25
30,2,131,890.58,OMNI,-0.25
30,2,132,897.43,OMNI,-0.24
30,2,133,904.26,OMNI,-0.36
30,2,134,911.12,OMNI,-0.42
30,2,135,917.96,OMNI,-0.54
30,2,136,924.82,OMNI,-0.56
30,2,137,931.66,OMNI,-0.55
30,2,138,938.49,OMNI,-0.53
30,2,139,945.34,OMNI,-0.53
30,2,140,952.24,OMNI,-0.56
30,2,141,959.13,OMNI,-0.46
30,2,142,965.97,OMNI,-0.46
30,2,143,972.81,OMNI,-0.34
30,2,144,979.64,OMNI,-0.45
30,2,145,986.51,OMNI,-0.42
30,2,146,993.33,OMNI,-0.44
30,2,147,1000.15,OMNI,-0.45
30,2,148,1007.0,OMNI,-0.43
30,2,149,1013.85,OMNI,-0.48
30,2,150,1020.67,OMNI,-0.35
30,2,151,1027.52,OMNI,-0.43
30,2,152,1034.34,OMNI,-0.34
30,2,153,1041.16,OMNI,-0.37
30,2,154,1048.02,OMNI,-0.53
30,2,155,1054.86,OMNI,-0.43
30,2,156,1061.73,OMNI,-0.36
30,2,157,1068.6,OMNI,-0.45
30,2,158,1075.47,OMNI,-0.49
30,2,159,1082.29,OMNI,-0.48
30,2,160,1089.14,OMNI,-0.45
30,2,161,1096.0,OMNI,-0.44
30,2,162,1102.87,OMNI,-0.52
30,2,163,1109.71,OMNI,-0.45
30,2,164,1116.55,OMNI,-0.41
30,2,165,1123.42,OMNI,-0.55
30,2,166,1130.3,OMNI,-0.39
30,2,167,1137.12,OMNI,-0.43
30,2,168,1143.96,OMNI,-0.44
30,2,169,1150.77,OMNI,-0.46
30,2,170,1157.59,OMNI,-0.43
30,2,171,1164.45,OMNI,-0.33
30,2,172,1171.29,OMNI,-0.36
30,2,173,1178.13,OMNI,-0.32
30,2,174,1185.0,OMNI,-0.43
30,2,175,1191.9,OMNI,-0.31
30,2,176,1198.74,OMNI,-0.43
30,2,177,1205.55,OMNI,-0.5
30,2,178,1212.43,OMNI,-0.42
30,2,179,1219.26,OMNI,-0.46
30,2,180,1226.12,OMNI,-0.5
30,2,181,1232.96,OMNI,-0.31
30,2,182,1239.77,OMNI,-0.25
30,2,183,1246.61,OMNI,-0.25
30,2,184,1253.47,OMNI,-0.31
30,2,185,1260.32,OMNI,-0.33
30,2,186,1267.22,OMNI,-0.34
30,2,187,1274.05,OMNI,-0.28
30,2,188,1280.92,OMNI,-0.4
30,2,189,1287.78,OMNI,-0.44
30,2,190,1294.65,OMNI,-0.45
30,2,191,1301.52,OMNI,-0.43
30,2,192,1308.39,OMNI,-0.4
30,2,193,1315.25,OMNI,-0.48
30,2,194,1322.11,OMNI,-0.43
30,2,195,1328.95,OMNI,-0.39
30,2,196,1335.81,OMNI,-0.5
30,2,197,1342.67,OMNI,-0.46
30,2,198,1349.5,OMNI,-0.48
30,2,199,1356.36,OMNI,-0.38
30,2,200,1363.19,OMNI,-0.47
30,2,201,1370.04,OMNI,-0.41
30,2,202,1376.89,OMNI,-0.4
30,3,1,0.01,OMNI,-1.17
30,3,2,6.84,OMNI,-1.8
30,3,3,13.7,OMNI,-2.13
30,3,4,20.55,OMNI,-2.42
30,3,5,27.4,OMNI,-2.78
30,3,6,34.23,OMNI,-2.99
30,3,7,41.08,OMNI,-2.95
30,3,8,47.96,OMNI,-3.3
30,3,9,54.8,OMNI,-3.42
30,3,10,61.66,OMNI,-3.33
30,3,11,68.52,OMNI,-3.36
30,3,12,75.35,OMNI,-3.49
30,3,13,82.2,OMNI,-3.52
30,3,14,89.03,OMNI,-3.54
30,3,15,95.9,OMNI,-3.8
30,3,16,102.76,OMNI,-3.72
30,3,17,109.63,OMNI,-3.39
30,3,18,116.45,OMNI,-3.39
30,3,19,123.31,OMNI,-3.55
30,3,20,130.17,OMNI,-3.67
30,3,21,137.01,OMNI,-3.51
30,3,22,143.86,OMNI,-3.5
30,3,23,150.69,OMNI,-3.47
30,3,24,157.49,OMNI,-3.6
30,3,25,164.35,OMNI,-3.84
30,3,26,171.2,OMNI,-3.79
30,3,27,178.07,OMNI,-3.94
30,3,28,184.92,OMNI,-4.04
30,3,29,191.78,OMNI,-3.94
30,3,30,198.58,OMNI,-4.04
30,3,31,205.48,OMNI,-3.79
30,3,32,212.34,OMNI,-3.79
30,3,33,219.22,OMNI,-4.03
30,3,34,226.08,OMNI,-4.11
30,3,35,232.93,OMNI,-4.06
30,3,36,239.78,OMNI,-3.99
30,3,37,246.65,OMNI,-4.07
30,3,38,253.52,OMNI,-4.07
30,3,39,260.38,OMNI,-4.02
30,3,40,267.26,OMNI,-4.01
30,3,41,274.08,OMNI,-3.92
30,3,42,280.94,OMNI,-3.83
30,3,43,287.77,OMNI,-3.75
30,3,44,294.63,OMNI,-3.76
30,3,45,301.49,OMNI,-4.06
30,3,46,308.31,OMNI,-3.49
30,3,47,315.14,OMNI,-3.56
30,3,48,322.03,OMNI,-3.58
30,3,49,328.86,OMNI,-3.6
30,3,50,335.69,OMNI,-3.77
30,3,51,342.53,OMNI,-3.74
30,3,52,349.41,OMNI,-3.72
30,3,53,356.26,OMNI,-3.55
30,3,54,363.11,OMNI,-3.55
30,3,55,369.96,OMNI,-3.37
30,3,56,376.83,OMNI,-3.31
30,3,57,383.68,OMNI,-3.45
30,3,58,390.53,OMNI,-3.69
30,3,59,397.34,OMNI,-3.7
30,3,60,404.2,OMNI,-3.82
30,3,61,411.05,OMNI,-3.64
30,3,62,417.92,OMNI,-3.73
30,3,63,424.78,OMNI,-4.11
30,3,64,431.66,OMNI,-4.17
30,3,65,438.52,OMNI,-3.92
30,3,66,445.34,OMNI,-4.16
30,3,67,452.2,OMNI,-3.61
30,3,68,459.06,OMNI,-3.74
30,3,69,465.93,OMNI,-4.01
30,3,70,472.77,OMNI,-3.98
30,3,71,479.63,OMNI,-4.04
30,3,72,486.44,OMNI,-4.13
30,3,73,493.27,OMNI,-4.05
30,3,74,500.18,OMNI,-3.74
30,3,75,507.03,OMNI,-3.76
30,3,76,513.9,OMNI,-3.67
30,3,77,520.74,OMNI,-3.45
30,3,78,527.61,OMNI,-3.4
30,3,79,534.47,OMNI,-3.54
30,3,80,541.29,OMNI,-3.69
30,3,81,548.14,OMNI,-3.59
30,3,82,554.99,OMNI,-3.6
30,3,83,561.82,OMNI,-3.79
30,3,84,568.7,OMNI,-3.7
30,3,85,575.53,OMNI,-3.83
30,3,86,582.4,OMNI,-3.69
30,3,87,589.28,OMNI,-3.72
30,3,88,596.14,OMNI,-3.55
30,3,89,602.98,OMNI,-3.74
30,3,90,609.81,OMNI,-4.39
30,3,91,616.68,OMNI,-4.5
30,3,92,623.49,OMNI,-4.5
